{
    "games": [
        {
            "title": "Metal Head",
            "releasedate": "02/24/1995",
            "platform": "32X",
            "genre": "Action, Mech, Simulation",
            "publisher": "Sega",
            "addeddate": "01/06/2017",
            "gbId": "3030-4621",
            "id": 1,
            "rating": "ESRB: E",
            "price": "9.41",
            "cib": "loose"
        },
        {
            "title": "Crazy Taxi",
            "releasedate": "01/24/2000",
            "platform": "Dreamcast",
            "genre": "Racing",
            "publisher": "Sega",
            "developer": "AM3",
            "addeddate": "05/28/2016",
            "gbId": "3030-9112",
            "id": 2,
            "rating": "ESRB: E",
            "price": "10",
            "cib": "case"
        },
        {
            "title": "House of the Dead 2",
            "releasedate": "11/01/1998",
            "platform": "Dreamcast",
            "genre": "Action, Shooter, Horror",
            "publisher": "Sega",
            "developer": "AM1",
            "addeddate": "000000",
            "gbId": "3030-422",
            "id": 3,
            "rating": "ESRB: M",
            "price": "15",
            "cib": "case"
        },
        {
            "title": "Jet Grind Radio",
            "releasedate": "06/29/2000",
            "platform": "Dreamcast",
            "genre": "Skating, Action",
            "publisher": "Sega",
            "developer": "Smilebit",
            "addeddate": "000042560",
            "gbId": "3030-20096",
            "id": 4,
            "rating": "ESRB: T",
            "price": "18",
            "cib": "loose"
        },
        {
            "title": "Looney Tunes: Space Race",
            "releasedate": "11/27/2000",
            "platform": "Dreamcast",
            "genre": "Action, Racing",
            "publisher": "Atari",
            "developer": "Atari",
            "addeddate": 42560,
            "gbId": "3030-21261",
            "id": 5,
            "rating": "ESRB: E",
            "price": "13.4",
            "cib": "loose"
        },
        {
            "title": "Marvel vs. Capcom",
            "releasedate": "01/23/1998",
            "platform": "Dreamcast",
            "genre": "Fighting",
            "publisher": "Capcom",
            "developer": "Capcom",
            "addeddate": 42560,
            "price": 26,
            "gbId": "3030-8605",
            "id": 6,
            "rating": "ESRB: T",
            "cib": "loose"
        },
        {
            "title": "Mortal Kombat Gold",
            "releasedate": "10/24/2000",
            "platform": "Dreamcast",
            "genre": "Fighting",
            "publisher": "Sega",
            "addeddate": "01/06/2017",
            "price": 8,
            "gbId": "3030-4652",
            "id": 7,
            "rating": "ESRB: M",
            "cib": "case"
        },
        {
            "title": "Quake III: Arena",
            "releasedate": "12/02/1999",
            "platform": "Dreamcast",
            "genre": "FPS",
            "publisher": "Midway",
            "developer": "Eurocom Developments Ltd.",
            "addeddate": 42559,
            "price": 15.5,
            "gbId": "3030-3874",
            "id": 8,
            "rating": "ESRB: M",
            "cib": "case"
        },
        {
            "title": "San Francisco Rush 2049",
            "releasedate": "09/07/2000",
            "platform": "Dreamcast",
            "genre": "Racing, Vehicular Combat",
            "publisher": "Midway",
            "developer": "Midway",
            "addeddate": 42560,
            "price": 16,
            "gbId": "3030-18834",
            "id": 9,
            "rating": "ESRB: E",
            "cib": "loose"
        },
        {
            "title": "Sonic Adventure",
            "releasedate": "11/27/1998",
            "platform": "Dreamcast",
            "genre": "Platformer",
            "publisher": "Sega",
            "developer": "Sonic Team",
            "addeddate": 42559,
            "price": 12.75,
            "gbId": "3030-7852",
            "id": 10,
            "rating": "ESRB: E",
            "cib": "generic case"
        },
        {
            "title": "Tony Hawk's Pro Skater 2",
            "releasedate": "09/20/2000",
            "platform": "Dreamcast",
            "genre": "Sports, Skating",
            "publisher": "Activision",
            "developer": "Neversoft",
            "addeddate": "05/28/2016",
            "price": 8,
            "gbId": "3030-990",
            "id": 11,
            "rating": "ESRB: T",
            "cib": "generic case"
        },
        {
            "title": "Virtua Tennis",
            "releasedate": "07/12/2000",
            "platform": "Dreamcast",
            "genre": "Sports",
            "publisher": "Sega",
            "developer": "AM3",
            "addeddate": 42560,
            "price": 5.5,
            "gbId": "3030-10676",
            "id": 12,
            "rating": "ESRB: E",
            "cib": "loose"
        },
        {
            "title": "Wacky Races",
            "releasedate": "06/26/2000",
            "platform": "Dreamcast",
            "genre": "Racing",
            "publisher": "Atari",
            "developer": "Infogrames Sheffield House",
            "addeddate": 42560,
            "price": 19,
            "gbId": "3030-21342",
            "id": 13,
            "rating": "ESRB: E",
            "cib": "loose"
        },
        {
            "title": "Worms: Armageddon",
            "releasedate": "05/31/1999",
            "platform": "Dreamcast",
            "genre": "Puzzle, Strategy",
            "publisher": "MicroProse Software, Inc.",
            "developer": "Team 17",
            "addeddate": 42678,
            "price": 10,
            "gbId": "3030-17255",
            "id": 14,
            "rating": "ESRB: E",
            "cib": "case"
        },
        {
            "title": "Donkey Konga 2",
            "releasedate": "05/09/2005",
            "platform": "GameCube",
            "genre": "Music, Party",
            "publisher": "Nintendo",
            "developer": "Bandai Namco",
            "addeddate": 42515,
            "price": 7.75,
            "gbId": "3030-19832",
            "id": 15,
            "rating": "ESRB: T",
            "cib": "case"
        },
        {
            "title": "F-Zero GX",
            "releasedate": "07/25/2003",
            "platform": "GameCube",
            "genre": "Racing",
            "publisher": "Nintendo",
            "developer": "Amusement Vision",
            "addeddate": 42515,
            "price": 30,
            "gbId": "3030-20448",
            "id": 16,
            "rating": "ESRB: T",
            "cib": "case"
        },
        {
            "title": "The Legend of Zelda Collector's Edition",
            "releasedate": 37929,
            "platform": "GameCube",
            "genre": "Adventure, RPG",
            "publisher": "Nintendo",
            "developer": "Nintendo",
            "addeddate": 42515,
            "price": 37,
            "gbId": "3030-14114",
            "id": 17,
            "rating": "ESRB: E10+",
            "cib": "case"
        },
        {
            "title": "The Legend of Zelda: The Wind Waker",
            "releasedate": 37704,
            "platform": "GameCube",
            "genre": "Adventure, RPG",
            "publisher": "Nintendo",
            "developer": "Nintendo",
            "addeddate": 42515,
            "price": 25,
            "gbId": "3030-18508",
            "id": 18,
            "rating": "ESRB: E10+",
            "cib": "case"
        },
        {
            "title": "Mario Golf: Toadstool Tour",
            "releasedate": "07/28/2003",
            "platform": "GameCube",
            "genre": "Sports, Golf",
            "publisher": "Nintendo",
            "developer": "Nintendo",
            "addeddate": 42515,
            "price": 9.5,
            "gbId": "3030-1598",
            "id": 19,
            "rating": "ESRB: E",
            "cib": "case"
        },
        {
            "title": "Mario Kart: Double Dash!!",
            "releasedate": "11/18/2003",
            "platform": "GameCube",
            "genre": "Racing",
            "publisher": "Nintendo",
            "developer": "Nintendo",
            "addeddate": 42515,
            "price": 35,
            "gbId": "3030-18757",
            "id": 20,
            "rating": "ESRB: E",
            "cib": "case"
        },
        {
            "title": "Mario Party 6",
            "releasedate": "12/06/2004",
            "platform": "GameCube",
            "genre": "Party, Puzzle",
            "publisher": "Nintendo",
            "developer": "Nintendo",
            "addeddate": 42515,
            "price": 35,
            "gbId": "3030-8380",
            "id": 21,
            "rating": "ESRB: E",
            "cib": "case"
        },
        {
            "title": "Metroid Prime",
            "releasedate": "11/18/2002",
            "platform": "GameCube",
            "genre": "FPS, RPG",
            "publisher": "Nintendo",
            "developer": "Retro Studios",
            "addeddate": 42678,
            "price": 15,
            "gbId": "3030-15473",
            "id": 22,
            "rating": "ESRB: T",
            "cib": "case"
        },
        {
            "title": "NBA Street Vol. 2",
            "releasedate": 37740,
            "platform": "GameCube",
            "genre": "Sports, Basketball",
            "publisher": "Electronic Arts",
            "developer": "EA Sports",
            "addeddate": 42515,
            "price": 13,
            "gbId": "3030-9866",
            "id": 23,
            "rating": "ESRB: E",
            "cib": "case"
        },
        {
            "title": "Need for Speed Carbon",
            "releasedate": 39022,
            "platform": "GameCube",
            "genre": "Racing",
            "publisher": "Electronic Arts",
            "developer": "EA Black Box",
            "addeddate": 42515,
            "price": 9,
            "gbId": "3030-8844",
            "id": 24,
            "rating": "ESRB: E10+",
            "cib": "generic case"
        },
        {
            "title": "Prince of Persia: The Sands of Time",
            "releasedate": 37943,
            "platform": "GameCube",
            "genre": "Action, Adventure",
            "publisher": "Ubisoft",
            "developer": "Ubisoft",
            "addeddate": 42515,
            "price": 8.25,
            "gbId": "3030-5235",
            "id": 25,
            "rating": "ESRB: T",
            "cib": "case"
        },
        {
            "title": "Resident Evil 4",
            "releasedate": 38362,
            "platform": "GameCube",
            "genre": "Action, Horror",
            "publisher": "Capcom",
            "developer": "Capcom",
            "addeddate": 42515,
            "price": 11,
            "gbId": "3030-1578",
            "id": 26,
            "rating": "ESRB: M",
            "cib": "case"
        },
        {
            "title": "Sonic Gems Collection",
            "releasedate": 38580,
            "platform": "GameCube",
            "genre": "Action, Retro",
            "publisher": "Sega of America",
            "developer": "SEGA",
            "addeddate": 42515,
            "price": 20,
            "gbId": "3030-14113",
            "id": 27,
            "rating": "ESRB: E",
            "cib": "case"
        },
        {
            "title": "Sonic Mega Collection",
            "releasedate": 37572,
            "platform": "GameCube",
            "genre": "Platformer, Retro",
            "publisher": "Sega of America",
            "developer": "Sonic Team",
            "addeddate": 42515,
            "price": 8,
            "gbId": "3030-17691",
            "id": 28,
            "rating": "ESRB: E",
            "cib": "case"
        },
        {
            "title": "Super Mario Sunshine",
            "releasedate": 37494,
            "platform": "GameCube",
            "genre": "Adventure, Platformer",
            "publisher": "Nintendo",
            "developer": "Nintendo",
            "addeddate": 42515,
            "price": 32.5,
            "gbId": "3030-6649",
            "id": 29,
            "rating": "ESRB: E",
            "cib": "case"
        },
        {
            "title": "Super Monkey Ball 2",
            "releasedate": 37494,
            "platform": "GameCube",
            "genre": "Adventure, Puzzle",
            "publisher": "Sega of America",
            "developer": "Amusement Vision",
            "addeddate": 42515,
            "price": 10,
            "gbId": "3030-5122",
            "id": 30,
            "rating": "ESRB: E",
            "cib": "case"
        },
        {
            "title": "XGRA: Extreme G Racing Association",
            "releasedate": 37949,
            "platform": "GameCube",
            "genre": "Racing",
            "publisher": "Acclaim",
            "developer": "Acclaim Studios",
            "addeddate": 42515,
            "price": 15,
            "gbId": "3030-19665",
            "id": 31,
            "rating": "ESRB: T",
            "cib": "case"
        },
        {
            "title": "Columns",
            "releasedate": 1990,
            "platform": "Genesis",
            "genre": "Puzzle",
            "publisher": "Sega",
            "addeddate": "01/06/17",
            "price": 9,
            "gbId": "3030-5487",
            "id": 32,
            "rating": "JOEY: E",
            "cib": "case"
        },
        {
            "title": "General Chaos",
            "releasedate": 1994,
            "platform": "Genesis",
            "genre": "Strategy",
            "publisher": "Electronic Arts",
            "developer": "Game Refuge Inc.",
            "addeddate": 42519,
            "price": 18,
            "gbId": "3030-2267",
            "id": 33,
            "rating": "JOEY: E",
            "cib": "case"
        },
        {
            "title": "NFL Football '94",
            "releasedate": 1993,
            "platform": "Genesis",
            "genre": "Sports, Football",
            "publisher": "Sega of America Inc.",
            "developer": "SEGA",
            "addeddate": 42519,
            "price": 3.6,
            "gbId": "3030-164",
            "id": 34,
            "rating": "JOEY: E",
            "cib": "loose"
        },
        {
            "title": "Sonic & Knuckles",
            "releasedate": 34624,
            "platform": "Genesis",
            "genre": "Platformer",
            "publisher": "Sega",
            "developer": "SEGA",
            "addeddate": 42559,
            "price": 11.5,
            "gbId": "3030-18115",
            "id": 35,
            "rating": "JOEY: E",
            "cib": "loose"
        },
        {
            "title": "Sonic the Hedgehog 2",
            "releasedate": 33932,
            "platform": "Genesis",
            "genre": "Platformer",
            "publisher": "Sega",
            "developer": "Sonic Team",
            "addeddate": 42519,
            "price": 3.5,
            "gbId": "3030-1662",
            "id": 36,
            "rating": "JOEY: E",
            "cib": "loose"
        },
        {
            "title": "Bubble Bobble",
            "releasedate": 32448,
            "platform": "NES",
            "genre": "Action",
            "publisher": "Taito",
            "developer": "Taito",
            "addeddate": 42563,
            "price": 20,
            "gbId": "3030-4995",
            "id": 37,
            "rating": "JOEY: E",
            "cib": "sleeve"
        },
        {
            "title": "BurgerTime",
            "releasedate": 31898,
            "platform": "NES",
            "genre": "Action",
            "publisher": "Data East USA, Inc.",
            "developer": "Data East Corp.",
            "addeddate": 42515,
            "price": 9.5,
            "gbId": "3030-4702",
            "id": 38,
            "rating": "JOEY: E",
            "cib": "loose"
        },
        {
            "title": "California Games",
            "releasedate": 32660,
            "platform": "NES",
            "genre": "Sports",
            "publisher": "Milton Bradley Company",
            "developer": "Epyx",
            "addeddate": 42515,
            "price": 6,
            "gbId": "3030-3193",
            "id": 39,
            "rating": "JOEY: E",
            "cib": "sleeve"
        },
        {
            "title": "Castlevania III: Dracula's Curse",
            "releasedate": 33117,
            "platform": "NES",
            "genre": "Action, Adventure",
            "publisher": "Konami",
            "developer": "Konami",
            "addeddate": 42515,
            "price": 24,
            "gbId": "3030-19328",
            "id": 40,
            "rating": "JOEY: E10+",
            "cib": "sleeve"
        },
        {
            "title": "Dr. Mario",
            "releasedate": 33147,
            "platform": "NES",
            "genre": "Puzzle",
            "publisher": "Nintendo",
            "developer": "Nintendo",
            "addeddate": 42515,
            "price": 5.6,
            "gbId": "3030-17641",
            "id": 41,
            "rating": "ESRB: E",
            "cib": "sleeve"
        },
        {
            "title": "Jeopardy! 25th Anniversary Edition",
            "releasedate": 33025,
            "platform": "NES",
            "genre": "Trivia",
            "publisher": "GameTek",
            "developer": "Rare Ltd.",
            "addeddate": 42515,
            "price": 4,
            "gbId": "3030-18405",
            "id": 42,
            "rating": "JOEY: E",
            "cib": "loose"
        },
        {
            "title": "John Elway's Quarterback",
            "releasedate": 1989,
            "platform": "NES",
            "genre": "Sports, Football",
            "publisher": "Tradewest, Inc.",
            "developer": "Rare Ltd.",
            "addeddate": 42515,
            "price": 2.7,
            "gbId": "3030-98",
            "id": 43,
            "rating": "JOEY: E",
            "cib": "loose"
        },
        {
            "title": "Kirby's Adventure",
            "releasedate": 34090,
            "platform": "NES",
            "genre": "Action",
            "publisher": "Nintendo of America, Inc.",
            "developer": "HAL Laboratory Inc.",
            "addeddate": 42515,
            "price": 19,
            "gbId": "3030-15890",
            "id": 44,
            "rating": "ESRB: E",
            "cib": "sleeve"
        },
        {
            "title": "Little Nemo: The Dream Master",
            "releasedate": 33147,
            "platform": "NES",
            "genre": "Action, Adventure",
            "publisher": "Capcom USA, Inc.",
            "developer": "Capcom Co., Ltd.",
            "addeddate": 42515,
            "price": 10,
            "gbId": "3030-15110",
            "id": 45,
            "rating": "JOEY: E",
            "cib": "loose"
        },
        {
            "title": "Mickey Mousecapade",
            "releasedate": 32417,
            "platform": "NES",
            "genre": "Action",
            "publisher": "Capcom USA, Inc.",
            "developer": "Capcom Co., Ltd.",
            "addeddate": 42515,
            "price": 6,
            "gbId": "3030-17706",
            "id": 46,
            "rating": "JOEY: E",
            "cib": "sleeve"
        },
        {
            "title": "Monopoly",
            "releasedate": 33298,
            "platform": "NES",
            "genre": "Board",
            "publisher": "Parker Brothers",
            "developer": "Sculptured Software, Inc.",
            "addeddate": 42515,
            "price": 5,
            "gbId": "3030-2958",
            "id": 47,
            "rating": "JOEY: E",
            "cib": "loose"
        },
        {
            "title": "Q*bert",
            "releasedate": 32540,
            "platform": "NES",
            "genre": "Action",
            "publisher": "Ultra Games",
            "developer": "Konami Co., Ltd.",
            "addeddate": 42515,
            "price": 7.5,
            "gbId": "3030-20782",
            "id": 48,
            "rating": "JOEY: E",
            "cib": "loose"
        },
        {
            "title": "Spy vs. Spy",
            "releasedate": 32259,
            "platform": "NES",
            "genre": "Action",
            "publisher": "Seika Video Games",
            "developer": "First Star Software, Inc.",
            "addeddate": 42515,
            "price": 7.5,
            "gbId": "3030-15637",
            "id": 49,
            "rating": "JOEY: E",
            "cib": "sleeve"
        },
        {
            "title": "Super Mario Bros. / Duckhunt",
            "releasedate": 32434,
            "platform": "NES",
            "genre": "Platformer",
            "publisher": "Nintendo USA",
            "developer": "Nintendo",
            "addeddate": 42515,
            "price": 4.25,
            "gbId": "3030-12460",
            "id": 50,
            "rating": "JOEY: E",
            "cib": "sleeve"
        },
        {
            "title": "Super Mario Bros. 3",
            "releasedate": 32916,
            "platform": "NES",
            "genre": "Platformer",
            "publisher": "Nintendo",
            "developer": "Nintendo",
            "addeddate": 42515,
            "price": 12.5,
            "gbId": "3030-10299",
            "id": 51,
            "rating": "ESRB: E",
            "cib": "sleeve"
        },
        {
            "title": "Super Team Games",
            "releasedate": 1988,
            "platform": "NES",
            "genre": "Sports",
            "publisher": "Nintendo of America, Inc.",
            "developer": "Bandai Co., Ltd.",
            "addeddate": 42515,
            "price": 4.5,
            "gbId": "3030-10067",
            "id": 52,
            "rating": "JOEY: E",
            "cib": "loose"
        },
        {
            "title": "Teenage Mutant Ninja Turtles",
            "releasedate": 33102,
            "platform": "NES",
            "genre": "Action",
            "publisher": "Palcom",
            "developer": "Konami",
            "addeddate": 42515,
            "price": 8.5,
            "gbId": "3030-20790",
            "id": 53,
            "rating": "JOEY: E",
            "cib": "loose"
        },
        {
            "title": "Teenage Mutant Ninja Turtles II: The Arcade Game",
            "releasedate": 1990,
            "platform": "NES",
            "genre": "Action",
            "publisher": "Ultra Games",
            "developer": "Konami",
            "addeddate": 42515,
            "price": 12.5,
            "gbId": "3030-23408",
            "id": 54,
            "rating": "JOEY: E",
            "cib": "sleeve"
        },
        {
            "title": "Thundercade",
            "releasedate": 1989,
            "platform": "NES",
            "genre": "Shooter",
            "publisher": "American Sammy Corporation",
            "developer": "Seta Corporation",
            "addeddate": 42515,
            "price": 8,
            "gbId": "3030-21477",
            "id": 55,
            "rating": "JOEY: E",
            "cib": "sleeve"
        },
        {
            "title": "Wheel of Fortune: Junior Edition",
            "releasedate": 1989,
            "platform": "NES",
            "genre": "Trivia",
            "publisher": "GameTek",
            "developer": "Rare Ltd.",
            "addeddate": 42515,
            "price": 3,
            "gbId": "3030-8864",
            "id": 56,
            "rating": "JOEY: E",
            "cib": "loose"
        },
        {
            "title": "World Class Track Meet",
            "releasedate": 32356,
            "platform": "NES",
            "genre": "Sports",
            "publisher": "Nintendo of America, Inc.",
            "developer": "Bandai Co., Ltd.",
            "addeddate": 42515,
            "price": 4.75,
            "gbId": "3030-7309",
            "id": 57,
            "rating": "JOEY: E",
            "cib": "loose"
        },
        {
            "title": "Adventure Time: Explore the Dungeon Because I DON'T KNOW!",
            "releasedate": 41621,
            "platform": "Nintendo 3DS",
            "genre": "Action, Adventure",
            "publisher": "D3 Publishing",
            "developer": "WayForward",
            "addeddate": 42678,
            "price": 6,
            "gbId": "3030-42746",
            "id": 58,
            "rating": "ESRB: E10+",
            "cib": "case"
        },
        {
            "title": "Animal Crossing: New Leaf",
            "releasedate": 41439,
            "platform": "Nintendo 3DS",
            "genre": "RPG",
            "publisher": "Nintendo",
            "developer": "Nintendo",
            "addeddate": 42515,
            "price": 16.5,
            "gbId": "3030-31752",
            "id": 59,
            "rating": "ESRB: E",
            "cib": "case"
        },
        {
            "title": "Kirby Planet Robobot",
            "releasedate": 42531,
            "platform": "Nintendo 3DS",
            "genre": "Adventure",
            "publisher": "Nintendo",
            "developer": "Nintendo",
            "addeddate": 42678,
            "price": 28.5,
            "gbId": "3030-52921",
            "id": 60,
            "rating": "ESRB: E",
            "cib": "case"
        },
        {
            "title": "LEGO Batman 3: Beyond Gotham",
            "releasedate": 41957,
            "platform": "Nintendo 3DS",
            "genre": "Action, Adventure",
            "publisher": "Warner Bros Interactive",
            "developer": "Travellers Tales",
            "addeddate": 42515,
            "price": 11.5,
            "gbId": "3030-46430",
            "id": 61,
            "rating": "ESRB: E10+",
            "cib": "case"
        },
        {
            "title": "LEGO Jurassic World",
            "releasedate": 42167,
            "platform": "Nintendo 3DS",
            "genre": "Action, Adventure",
            "publisher": "Warner Bros Interactive",
            "developer": "Travellers Tales",
            "addeddate": 42515,
            "price": 11,
            "gbId": "3030-48682",
            "id": 62,
            "rating": "ESRB: E10+",
            "cib": "case"
        },
        {
            "title": "LEGO Lord of the Rings",
            "releasedate": 41236,
            "platform": "Nintendo 3DS",
            "genre": "Action, Adventure",
            "publisher": "Warner Bros Interactive",
            "developer": "Travellers Tales",
            "addeddate": 42515,
            "price": 5,
            "gbId": "3030-38282",
            "id": 63,
            "rating": "ESRB: E10+",
            "cib": "case"
        },
        {
            "title": "LEGO Ninjago Droids",
            "releasedate": 41852,
            "platform": "Nintendo 3DS",
            "genre": "Action, Adventure",
            "publisher": "Warner Bros Interactive",
            "developer": "Travellers Tales",
            "addeddate": 42515,
            "price": 7,
            "gbId": "3030-46610",
            "id": 64,
            "rating": "ESRB: E10+",
            "cib": "case"
        },
        {
            "title": "Luigi's Mansion: Dark Moon",
            "releasedate": "03/28/2013",
            "platform": "Nintendo 3DS",
            "genre": "Action, Adventure",
            "publisher": "Nintendo",
            "addeddate": "01/06/17",
            "price": 17.66,
            "gbId": "3030-35572",
            "id": 65,
            "rating": "ESRB: E",
            "cib": "case"
        },
        {
            "title": "Pokemon X/Y",
            "releasedate": "10/12/2013",
            "platform": "Nintendo 3DS",
            "genre": "RPG",
            "publisher": "Nintendo",
            "developer": "Game Freak",
            "addeddate": "01/09/17",
            "price": 40,
            "gbId": "3030-41088",
            "id": 66,
            "rating": "ESRB: E",
            "cib": "case"
        },
        {
            "title": "Super Mario 3D Land",
            "releasedate": 40862,
            "platform": "Nintendo 3DS",
            "genre": "Action, Platformer",
            "publisher": "Nintendo",
            "developer": "Nintendo",
            "addeddate": 42560,
            "price": 15,
            "gbId": "3030-34303",
            "id": 67,
            "rating": "ESRB: E",
            "cib": "case"
        },
        {
            "title": "Super Mario Maker 3DS",
            "releasedate": "12/01/2016",
            "platform": "Nintendo 3DS",
            "genre": "Puzzle, Platformer",
            "publisher": "Nintendo",
            "developer": "Nintendo",
            "addeddate": 42560,
            "price": 40,
            "gbId": "3030-55308",
            "id": 68,
            "rating": "ESRB: E",
            "cib": "case"
        },
        {
            "title": "Terraria",
            "releasedate": 42412,
            "platform": "Nintendo 3DS",
            "genre": "Action, Adventure",
            "publisher": "505 Games",
            "developer": "Re-Logic",
            "addeddate": 42515,
            "price": 15,
            "gbId": "3030-34940",
            "id": 69,
            "rating": "ESRB: T",
            "cib": "case"
        },
        {
            "title": "Cruis'n USA",
            "releasedate": 1996,
            "platform": "Nintendo 64",
            "genre": "Racing",
            "publisher": "Nintendo",
            "developer": "Midway",
            "addeddate": 42517,
            "price": 5,
            "gbId": "3030-9890",
            "id": 70,
            "rating": "ESRB: E",
            "cib": "loose"
        },
        {
            "title": "Donkey Kong 64",
            "releasedate": 36487,
            "platform": "Nintendo 64",
            "genre": "Platformer",
            "publisher": "Nintendo",
            "developer": "Rare",
            "addeddate": 42515,
            "price": 15,
            "gbId": "3030-15000",
            "id": 71,
            "rating": "ESRB: E",
            "cib": "loose"
        },
        {
            "title": "Extreme-G 2",
            "releasedate": 36116,
            "platform": "Nintendo 64",
            "genre": "Racing",
            "publisher": "Acclaim",
            "developer": "Probe Entertainment",
            "addeddate": 42515,
            "price": 5,
            "gbId": "3030-9774",
            "id": 72,
            "rating": "ESRB: E",
            "cib": "loose"
        },
        {
            "title": "F1 Pole Position 64",
            "releasedate": 35703,
            "platform": "Nintendo 64",
            "genre": "Racing",
            "publisher": "Ubisoft",
            "developer": "Human Entertainment",
            "addeddate": 42517,
            "price": 4.7,
            "gbId": "3030-3764",
            "id": 73,
            "rating": "ESRB: E",
            "cib": "loose"
        },
        {
            "title": "GoldenEye 007",
            "releasedate": 35667,
            "platform": "Nintendo 64",
            "genre": "FPS",
            "publisher": "Nintendo",
            "developer": "Rare",
            "addeddate": 42678,
            "price": 16.5,
            "gbId": "3030-3166",
            "id": 74,
            "rating": "ESRB: T",
            "cib": "loose"
        },
        {
            "title": "The Legend of Zelda: Ocarina of Time",
            "releasedate": 36122,
            "platform": "Nintendo 64",
            "genre": "Adventure, RPG",
            "publisher": "Nintendo",
            "developer": "Nintendo",
            "addeddate": 42678,
            "price": 40,
            "gbId": "3030-12572",
            "id": 75,
            "rating": "ESRB: E10+",
            "cib": "loose"
        },
        {
            "title": "Perfect Dark",
            "releasedate": 36706,
            "platform": "Nintendo 64",
            "genre": "FPS",
            "publisher": "Rareware",
            "developer": "Rare, Ltd.",
            "addeddate": 42515,
            "price": 9,
            "gbId": "3030-21256",
            "id": 76,
            "rating": "ESRB: M",
            "cib": "loose"
        },
        {
            "title": "San Francisco Rush: Extreme Racing",
            "releasedate": 35742,
            "platform": "Nintendo 64",
            "genre": "Racing",
            "publisher": "GT Interactive",
            "developer": "Midway",
            "addeddate": 42517,
            "price": 6,
            "gbId": "3030-8458",
            "id": 77,
            "rating": "ESRB: KA",
            "cib": "loose"
        },
        {
            "title": "South Park",
            "releasedate": 36151,
            "platform": "Nintendo 64",
            "genre": "FPS",
            "publisher": "Acclaim",
            "developer": "Iguana Entertainment",
            "addeddate": 42515,
            "price": 7.7,
            "gbId": "3030-8845",
            "id": 78,
            "rating": "ESRB: M",
            "cib": "loose"
        },
        {
            "title": "Star Wars: Rogue Squadron",
            "releasedate": "04/12/1998",
            "platform": "Nintendo 64",
            "genre": "Flight Combat",
            "publisher": "Lucas Arts",
            "addeddate": "01/06/17",
            "price": 9,
            "gbId": "3030-4011",
            "id": 79,
            "rating": "ESRB: T",
            "cib": "loose"
        },
        {
            "title": "Amplitude",
            "releasedate": 37705,
            "platform": "PlayStation 2",
            "genre": "Music, Simulation",
            "publisher": "SCEA",
            "developer": "Harmonix",
            "addeddate": 42515,
            "price": 10,
            "gbId": "3030-1420",
            "id": 80,
            "rating": "ESRB: E",
            "cib": "case"
        },
        {
            "title": "Buzz!: The Mega Quiz",
            "releasedate": 39385,
            "platform": "PlayStation 2",
            "genre": "Party, Trivia",
            "publisher": "SCEA",
            "developer": "Relentless Software",
            "addeddate": 42515,
            "price": 4,
            "gbId": "3030-10866",
            "id": 81,
            "rating": "ESRB: E10+",
            "cib": "case"
        },
        {
            "title": "Devil May Cry",
            "releasedate": 37182,
            "platform": "PlayStation 2",
            "genre": "Action, Adventure, Hack & Slash",
            "publisher": "Capcom",
            "developer": "Capcom",
            "addeddate": 42515,
            "price": 4.4,
            "gbId": "3030-13072",
            "id": 82,
            "rating": "ESRB: M",
            "cib": "case"
        },
        {
            "title": "FIFA World Cup Germany 2006",
            "releasedate": 38832,
            "platform": "PlayStation 2",
            "genre": "Sports, Soccer",
            "publisher": "Electronic Arts",
            "developer": "EA Sports",
            "addeddate": 42515,
            "price": 5,
            "gbId": "3030-1787",
            "id": 83,
            "rating": "ESRB: E",
            "cib": "case"
        },
        {
            "title": "God of War",
            "releasedate": 38433,
            "platform": "PlayStation 2",
            "genre": "Action, Adventure, Hack & Slash",
            "publisher": "SCEA",
            "developer": "SCEI",
            "addeddate": 42515,
            "price": 6.2,
            "gbId": "3030-6959",
            "id": 84,
            "rating": "ESRB: M",
            "cib": "case"
        },
        {
            "title": "Grand Theft Auto: San Andreas",
            "releasedate": 38285,
            "platform": "PlayStation 2",
            "genre": "Action, Adventure, Sandbox",
            "publisher": "Rockstar Games",
            "developer": "Rockstar North",
            "addeddate": 42515,
            "price": 6.2,
            "gbId": "3030-7120",
            "id": 85,
            "rating": "ESRB: AO",
            "cib": "case"
        },
        {
            "title": "Guitar Hero",
            "releasedate": 38663,
            "platform": "PlayStation 2",
            "genre": "Music, Party",
            "publisher": "RedOctane",
            "developer": "Harmonix",
            "addeddate": 42515,
            "price": 12.5,
            "gbId": "3030-6311",
            "id": 86,
            "rating": "ESRB: T",
            "cib": "case"
        },
        {
            "title": "Guitar Hero Encore: Rocks the 80s",
            "releasedate": 39287,
            "platform": "PlayStation 2",
            "genre": "Music, Party",
            "publisher": "RedOctane",
            "developer": "Harmonix",
            "addeddate": 42515,
            "price": 3.8,
            "gbId": "3030-12241",
            "id": 87,
            "rating": "ESRB: T",
            "cib": "case"
        },
        {
            "title": "Guitar Hero II",
            "releasedate": 39028,
            "platform": "PlayStation 2",
            "genre": "Music, Party",
            "publisher": "RedOctane",
            "developer": "Harmonix",
            "addeddate": 42515,
            "price": 3,
            "gbId": "3030-14916",
            "id": 88,
            "rating": "ESRB: T",
            "cib": "case"
        },
        {
            "title": "Guitar Hero III: Legends of Rock",
            "releasedate": 39384,
            "platform": "PlayStation 2",
            "genre": "Music, Party",
            "publisher": "RedOctane",
            "developer": "Harmonix",
            "addeddate": 42515,
            "price": 5.5,
            "gbId": "3030-4031",
            "id": 89,
            "rating": "ESRB: T",
            "cib": "case"
        },
        {
            "title": "Heroes of Might and Magic: Quest for the DragonBone Staff",
            "releasedate": 37000,
            "platform": "PlayStation 2",
            "genre": "Strategy",
            "publisher": "3DO Studios",
            "developer": "3DO Studios",
            "addeddate": 42515,
            "price": 7,
            "gbId": "3030-17108",
            "id": 90,
            "rating": "ESRB: E",
            "cib": "generic case"
        },
        {
            "title": "Hitman 2: Silent Assassin",
            "releasedate": 37530,
            "platform": "PlayStation 2",
            "genre": "Shooter, Strategy",
            "publisher": "Eidos Interactive",
            "developer": "IO Interactive",
            "addeddate": 42515,
            "price": 3,
            "gbId": "3030-7004",
            "id": 91,
            "rating": "ESRB: M",
            "cib": "case"
        },
        {
            "title": "Hot Shots Golf 3",
            "releasedate": 37327,
            "platform": "PlayStation 2",
            "genre": "Sports, Golf",
            "publisher": "SCEA",
            "developer": "SCEI",
            "addeddate": 42515,
            "price": 4,
            "gbId": "3030-11691",
            "id": 92,
            "rating": "ESRB: E",
            "cib": "case"
        },
        {
            "title": "Marvel Ultimate Alliance",
            "releasedate": 39014,
            "platform": "PlayStation 2",
            "genre": "Action, Fighting",
            "publisher": "Activision",
            "developer": "Raven Software",
            "addeddate": 42515,
            "price": 6.5,
            "gbId": "3030-7527",
            "id": 93,
            "rating": "ESRB: T",
            "cib": "case"
        },
        {
            "title": "Max Payne",
            "releasedate": 37232,
            "platform": "PlayStation 2",
            "genre": "Action, Shooter",
            "publisher": "Rockstar Games",
            "developer": "Rockstar Games",
            "addeddate": 42515,
            "price": 4.6,
            "gbId": "3030-2414",
            "id": 94,
            "rating": "ESRB: M",
            "cib": "case"
        },
        {
            "title": "Micro Machines V4",
            "releasedate": 38895,
            "platform": "PlayStation 2",
            "genre": "Racing",
            "publisher": "Codemasters",
            "developer": "Supersonic Software Ltd.",
            "addeddate": 42515,
            "price": 10,
            "gbId": "3030-36264",
            "id": 95,
            "rating": "ESRB: E",
            "cib": "case"
        },
        {
            "title": "Midnight Club 3: DUB Edition",
            "releasedate": 38454,
            "platform": "PlayStation 2",
            "genre": "Racing",
            "publisher": "Rockstar Games",
            "developer": "Rockstar San Diego",
            "addeddate": 42515,
            "price": 10,
            "gbId": "3030-5875",
            "id": 96,
            "rating": "ESRB: E10+",
            "cib": "case"
        },
        {
            "title": "Midway Arcade Treasures",
            "releasedate": 37944,
            "platform": "PlayStation 2",
            "genre": "Action, Compilation",
            "publisher": "Midway",
            "developer": "Digital Eclipse Software, Inc.",
            "addeddate": 42515,
            "price": 8,
            "gbId": "3030-18579",
            "id": 97,
            "rating": "ESRB: T",
            "cib": "case"
        },
        {
            "title": "Scarface: The World is Yours",
            "releasedate": 38995,
            "platform": "PlayStation 2",
            "genre": "Sandbox",
            "publisher": "Vivendi Games",
            "developer": "Radical Entertainment",
            "addeddate": 42515,
            "price": 14,
            "gbId": "3030-9966",
            "id": 98,
            "rating": "ESRB: M",
            "cib": "case"
        },
        {
            "title": "SpyHunter",
            "releasedate": 37162,
            "platform": "PlayStation 2",
            "genre": "Action, Racing",
            "publisher": "Midway",
            "developer": "Paradigm",
            "addeddate": 42515,
            "price": 3.8,
            "gbId": "3030-14843",
            "id": 99,
            "rating": "ESRB: T",
            "cib": "case"
        },
        {
            "title": "SSX 3",
            "releasedate": 37915,
            "platform": "PlayStation 2",
            "genre": "Sports, Snowboarding",
            "publisher": "Electronic Arts",
            "developer": "EA Sports",
            "addeddate": 42515,
            "price": 7,
            "gbId": "3030-17149",
            "id": 100,
            "rating": "ESRB: E",
            "cib": "case"
        },
        {
            "title": "Taiko Drum Master",
            "releasedate": 38286,
            "platform": "PlayStation 2",
            "genre": "Music, Simulation",
            "publisher": "Namco Bandai",
            "developer": "Bandai Namco",
            "addeddate": 42515,
            "price": 40,
            "gbId": "3030-21429",
            "id": 101,
            "rating": "ESRB: E",
            "cib": "case"
        },
        {
            "title": "Tetris Worlds",
            "releasedate": 37334,
            "platform": "PlayStation 2",
            "genre": "Puzzle",
            "publisher": "THQ",
            "developer": "Blue Planet Software",
            "addeddate": 42515,
            "price": 4.5,
            "gbId": "3030-14116",
            "id": 102,
            "rating": "ESRB: E",
            "cib": "case"
        },
        {
            "title": "Tony Hawk's Pro Skater 3",
            "releasedate": 37194,
            "platform": "PlayStation 2",
            "genre": "Sports, Skating",
            "publisher": "Activision",
            "developer": "Neversoft Interactive",
            "addeddate": 42559,
            "price": 5.75,
            "gbId": "3030-5688",
            "id": 103,
            "rating": "ESRB: T",
            "cib": "case"
        },
        {
            "title": "Tony Hawk's Project 8",
            "releasedate": 39028,
            "platform": "PlayStation 2",
            "genre": "Sports, Skating",
            "publisher": "Activision",
            "developer": "Shaba Games",
            "addeddate": 42515,
            "price": 4.5,
            "gbId": "3030-12077",
            "id": 104,
            "rating": "ESRB: T",
            "cib": "case"
        },
        {
            "title": "Twisted Metal: Black",
            "releasedate": 37064,
            "platform": "PlayStation 2",
            "genre": "Racing, Shooter",
            "publisher": "SCEA",
            "developer": "Incognito Studios",
            "addeddate": 42559,
            "price": 7,
            "gbId": "3030-6426",
            "id": 105,
            "rating": "ESRB: M",
            "cib": "case"
        },
        {
            "title": "Worms 3D",
            "releasedate": 38057,
            "platform": "PlayStation 2",
            "genre": "Party, Strategy",
            "publisher": "Acclaim",
            "developer": "Team 17",
            "addeddate": 42515,
            "price": 7.25,
            "gbId": "3030-522",
            "id": 106,
            "rating": "ESRB: T",
            "cib": "case"
        },
        {
            "title": "2014 FIFA World Cup Brazil",
            "releasedate": 41747,
            "platform": "PlayStation 3",
            "genre": "Sports, Soccer",
            "publisher": "Electronic Arts",
            "developer": "EA Sports",
            "addeddate": 42515,
            "price": 9.3,
            "gbId": "3030-45354",
            "id": 107,
            "rating": "ESRB: E",
            "cib": "case"
        },
        {
            "title": "Assassin's Creed II",
            "releasedate": 40134,
            "platform": "PlayStation 3",
            "genre": "Action, Adventure",
            "publisher": "Ubisoft",
            "developer": "Ubisoft",
            "addeddate": 42515,
            "price": 5,
            "gbId": "3030-22928",
            "id": 108,
            "rating": "ESRB: M",
            "cib": "case"
        },
        {
            "title": "Batman: Arkham City",
            "releasedate": 40834,
            "platform": "PlayStation 3",
            "genre": "Action",
            "publisher": "Warner Bros Interactive",
            "developer": "Rocksteady Studios",
            "addeddate": 42515,
            "price": 7,
            "gbId": "3030-29443",
            "id": 109,
            "rating": "ESRB: T",
            "cib": "case"
        },
        {
            "title": "Bejeweled 2 (PSN)",
            "releasedate": 39784,
            "platform": "PlayStation 3",
            "genre": "Puzzle",
            "publisher": "Sony Online Entertainment",
            "developer": "PopCap Games",
            "addeddate": 42560,
            "gbId": "3030-22608",
            "id": 110,
            "rating": "ESRB: E",
            "price": "0",
            "cib": "DL"
        },
        {
            "title": "Borderlands",
            "releasedate": 40106,
            "platform": "PlayStation 3",
            "genre": "FPS, RPG",
            "publisher": "2K Games",
            "developer": "Gearbox Software",
            "addeddate": 42515,
            "price": 5.9,
            "gbId": "3030-20487",
            "id": 111,
            "rating": "ESRB: M",
            "cib": "case"
        },
        {
            "title": "Brutal Legend",
            "releasedate": 40099,
            "platform": "PlayStation 3",
            "genre": "Action, Adventure",
            "publisher": "Electronic Arts",
            "developer": "Double Fine Productions",
            "addeddate": 42515,
            "price": 7,
            "gbId": "3030-20700",
            "id": 112,
            "rating": "ESRB: M",
            "cib": "case"
        },
        {
            "title": "Call Of Duty: Black Ops II",
            "releasedate": 41226,
            "platform": "PlayStation 3",
            "genre": "FPS",
            "publisher": "Activision",
            "developer": "Treyarch",
            "addeddate": 42515,
            "price": 10,
            "gbId": "3030-38039",
            "id": 113,
            "rating": "ESRB: M",
            "cib": "case"
        },
        {
            "title": "Dungeon Hunter: Alliance (PSN)",
            "releasedate": 40645,
            "platform": "PlayStation 3",
            "genre": "Hack & Slash",
            "publisher": "Gameloft",
            "developer": "Gameloft",
            "addeddate": 42560,
            "gbId": "3030-28868",
            "id": 114,
            "rating": "ESRB: T",
            "price": "0",
            "cib": "DL"
        },
        {
            "title": "echochrome (PSN)",
            "releasedate": 39633,
            "platform": "PlayStation 3",
            "genre": "Puzzle",
            "publisher": "SCEA",
            "developer": "SCEJ",
            "addeddate": 42560,
            "gbId": "3030-20604",
            "id": 115,
            "rating": "ESRB: E",
            "price": "0",
            "cib": "DL"
        },
        {
            "title": "The Eye of Judgment",
            "releasedate": 39379,
            "platform": "PlayStation 3",
            "genre": "Card, Puzzle, Strategy",
            "publisher": "SCEA",
            "developer": "SCEI",
            "addeddate": 42515,
            "price": 4,
            "gbId": "3030-16019",
            "id": 116,
            "rating": "ESRB: T",
            "cib": "case"
        },
        {
            "title": "God of War Collection",
            "releasedate": 40134,
            "platform": "PlayStation 3",
            "genre": "Action, Adventure, Hack & Slash",
            "publisher": "SCEA",
            "developer": "SCEI",
            "addeddate": 42515,
            "price": 7,
            "gbId": "3030-28001",
            "id": 117,
            "rating": "ESRB: M",
            "cib": "case"
        },
        {
            "title": "God of War III",
            "releasedate": 40253,
            "platform": "PlayStation 3",
            "genre": "Action, Adventure, Hack & Slash",
            "publisher": "SCEA",
            "developer": "SCEI",
            "addeddate": 42515,
            "price": 6,
            "gbId": "3030-20461",
            "id": 118,
            "rating": "ESRB: M",
            "cib": "case"
        },
        {
            "title": "God of War: Ascension",
            "releasedate": 41348,
            "platform": "PlayStation 3",
            "genre": "Hack & Slash",
            "publisher": "SCEA",
            "developer": "SCEE",
            "addeddate": 42515,
            "price": 7,
            "gbId": "3030-38043",
            "id": 119,
            "rating": "ESRB: M",
            "cib": "case"
        },
        {
            "title": "Gran Turismo 5",
            "releasedate": "11/24/2010",
            "platform": "PlayStation 3",
            "genre": "Racing",
            "publisher": "Sony Interactive Entertainment",
            "developer": "Polyphony Digital, Inc.",
            "addeddate": "12/4/2016",
            "price": 6,
            "gbId": "3030-21790",
            "id": 120,
            "rating": "ESRB: E",
            "cib": "case"
        },
        {
            "title": "Grand Theft Auto V",
            "releasedate": 41534,
            "platform": "PlayStation 3",
            "genre": "Action, Sandbox",
            "publisher": "Rockstar Games",
            "developer": "Rockstar Games",
            "addeddate": 42515,
            "price": 17,
            "gbId": "3030-36765",
            "id": 121,
            "rating": "ESRB: M",
            "cib": "case"
        },
        {
            "title": "High Stakes on the Vegas Strip: Poker Edition (PSN)",
            "platform": "PlayStation 3",
            "genre": "Card, Gambling",
            "publisher": "Daybreak Game Company",
            "developer": "Coresoft",
            "addeddate": 42560,
            "gbId": "3030-22417",
            "id": 122,
            "rating": "ESRB: T",
            "releasedate": " -- ",
            "price": "0",
            "cib": "DL"
        },
        {
            "title": "High Velocity Bowling (PSN)",
            "releasedate": 39422,
            "platform": "PlayStation 3",
            "genre": "Sports, Bowling",
            "publisher": "SCEA",
            "developer": "SCEI",
            "addeddate": 42560,
            "gbId": "3030-20605",
            "id": 123,
            "rating": "ESRB: E",
            "price": "0",
            "cib": "DL"
        },
        {
            "title": "Infamous Collection",
            "releasedate": 41149,
            "platform": "PlayStation 3",
            "genre": "Action, Adventure",
            "publisher": "SCEA",
            "developer": "Sucker Punch",
            "addeddate": 42678,
            "price": 13,
            "gbId": "3030-20599",
            "id": 124,
            "rating": "ESRB: T",
            "cib": "case"
        },
        {
            "title": "Jeopardy! (PSN)",
            "platform": "PlayStation 3",
            "genre": "Trivia",
            "publisher": "THQ",
            "developer": "Pipeworks",
            "addeddate": 42560,
            "gbId": "3030-40064",
            "id": 125,
            "rating": "ESRB: E",
            "releasedate": " -- ",
            "price": "0",
            "cib": "DL"
        },
        {
            "title": "LittleBigPlanet (PSN)",
            "releasedate": 39749,
            "platform": "PlayStation 3",
            "genre": "Platformer",
            "publisher": "SCEA",
            "developer": "Media Molecule",
            "addeddate": 42560,
            "gbId": "3030-20602",
            "id": 126,
            "rating": "ESRB: E",
            "price": "3.5",
            "cib": "DL"
        },
        {
            "title": "NBA Jam: On Fire Edition (PSN)",
            "platform": "PlayStation 3",
            "genre": "Sports, Basketball",
            "publisher": "Electronic Arts",
            "developer": "EA Canada",
            "addeddate": 42560,
            "gbId": "3030-34710",
            "id": 127,
            "rating": "ESRB: E",
            "releasedate": " -- ",
            "price": "0",
            "cib": "DL"
        },
        {
            "title": "The Price Is Right (PSN)",
            "platform": "PlayStation 3",
            "genre": "Trivia",
            "publisher": "Ludia Inc.",
            "developer": "Ludia Inc.",
            "addeddate": 42560,
            "gbId": "3030-16675",
            "id": 128,
            "rating": "ESRB: E",
            "releasedate": " -- ",
            "price": "0",
            "cib": "DL"
        },
        {
            "title": "Resistance 2",
            "releasedate": 39777,
            "platform": "PlayStation 3",
            "genre": "FPS",
            "publisher": "SCEA",
            "developer": "Insomniac Games",
            "addeddate": 42515,
            "price": 4.6,
            "gbId": "3030-20699",
            "id": 129,
            "rating": "ESRB: M",
            "cib": "case"
        },
        {
            "title": "Resistance 3",
            "releasedate": 40792,
            "platform": "PlayStation 3",
            "genre": "FPS",
            "publisher": "SCEA",
            "developer": "Insomniac Games",
            "addeddate": 42515,
            "price": 7,
            "gbId": "3030-29021",
            "id": 130,
            "rating": "ESRB: M",
            "cib": "case"
        },
        {
            "title": "Resistance: Fall of Man",
            "releasedate": 39034,
            "platform": "PlayStation 3",
            "genre": "FPS",
            "publisher": "SCEA",
            "developer": "Insomniac Games",
            "addeddate": 42515,
            "price": 5,
            "gbId": "3030-9741",
            "id": 131,
            "rating": "ESRB: M",
            "cib": "case"
        },
        {
            "title": "Rock Band 2",
            "releasedate": 39740,
            "platform": "PlayStation 3",
            "genre": "Music, Party",
            "publisher": "Electronic Arts",
            "developer": "Harmonix",
            "addeddate": 42515,
            "price": 6,
            "gbId": "3030-20714",
            "id": 132,
            "rating": "ESRB: T",
            "cib": "case"
        },
        {
            "title": "Sonic's Ultimate Genesis Collection",
            "releasedate": 39854,
            "platform": "PlayStation 3",
            "genre": "Compilation, Retro",
            "publisher": "Sega of America",
            "developer": "Backbone Entertainment",
            "addeddate": 42515,
            "price": 11.5,
            "gbId": "3030-24218",
            "id": 133,
            "rating": "ESRB: E10+",
            "cib": "case"
        },
        {
            "title": "Tom Clancy's Ghost Recon: Future Soldier (PSN)",
            "releasedate": 41051,
            "platform": "PlayStation 3",
            "genre": "Action, Shooter",
            "publisher": "Ubisoft",
            "developer": "Ubisoft",
            "addeddate": 42560,
            "gbId": "3030-26095",
            "id": 134,
            "rating": "ESRB: M",
            "price": "4",
            "cib": "DL"
        },
        {
            "title": "Wipeout HD Fury (PSN)",
            "releasedate": 40100,
            "platform": "PlayStation 3",
            "genre": "Racing",
            "publisher": "SCEE",
            "developer": "SCEE",
            "addeddate": 42560,
            "gbId": "3030-20610",
            "id": 135,
            "rating": "ESRB: E10+",
            "price": "7",
            "cib": "DL"
        },
        {
            "title": "Wolfenstein 3D (PSN)",
            "releasedate": 33830,
            "platform": "PlayStation 3",
            "genre": "Action, FPS",
            "publisher": "Activision",
            "developer": "id Software",
            "addeddate": 42560,
            "gbId": "3030-7694",
            "id": 136,
            "rating": "ESRB: M",
            "price": "0",
            "cib": "DL"
        },
        {
            "title": "Worms (PSN)",
            "releasedate": 39898,
            "platform": "PlayStation 3",
            "genre": "Strategy",
            "publisher": "Sony Computer Entertainment",
            "developer": "Team 17",
            "addeddate": 42560,
            "gbId": "3030-20815",
            "id": 137,
            "rating": "ESRB: E10+",
            "price": "0",
            "cib": "DL"
        },
        {
            "title": "Amplitude (PSN)",
            "releasedate": "01/05/2016",
            "platform": "PlayStation 4",
            "genre": "Music",
            "addeddate": "01/06/17",
            "price": 20,
            "gbId": "3030-46389",
            "id": 138,
            "rating": "ESRB: E",
            "cib": "DL"
        },
        {
            "title": "Child of Light (PSN)",
            "releasedate": "04/29/2014",
            "platform": "PlayStation 4",
            "genre": "RPG",
            "publisher": "Ubisoft",
            "addeddate": "01/24/17",
            "price": 15,
            "gbId": "3030-43612",
            "id": 139,
            "rating": "ESRB: E10+",
            "cib": "DL"
        },
        {
            "title": "Doom",
            "releasedate": "05/13/2016",
            "platform": "PlayStation 4",
            "genre": "FPS",
            "publisher": "Bethesda",
            "addeddate": "01/06/17",
            "price": 22,
            "gbId": "3030-20654",
            "id": 140,
            "rating": "ESRB: M",
            "cib": "case"
        },
        {
            "title": "Gauntlet: Slayer Edition (PSN)",
            "releasedate": "09/23/2014",
            "platform": "PlayStation 4",
            "genre": "Adventure, Action, Hack & Slash",
            "publisher": "WB Games",
            "addeddate": "01/24/17",
            "price": 5,
            "gbId": "3030-45705",
            "id": 141,
            "rating": "ESRB: M",
            "cib": "DL"
        },
        {
            "title": "Killzone: Shadow Fall",
            "releasedate": "11/29/2013",
            "platform": "PlayStation 4",
            "genre": "Action, FPS",
            "publisher": "SCEE",
            "addeddate": "01/06/17",
            "price": 8.36,
            "gbId": "3030-41690",
            "id": 142,
            "rating": "ESRB: M",
            "cib": "case"
        },
        {
            "title": "The Last of Us Remastered",
            "releasedate": "08/01/2014",
            "platform": "PlayStation 4",
            "genre": "Action, Adventure, FPS",
            "publisher": "SCEE",
            "addeddate": "01/06/17",
            "price": 17.21,
            "gbId": "3030-36989",
            "id": 143,
            "rating": "ESRB: M",
            "cib": "case"
        },
        {
            "title": "LEGO: The Hobbit (PSN)",
            "releasedate": "04/08/2014",
            "platform": "PlayStation 4",
            "genre": "Adventure, Action",
            "publisher": "TT Games",
            "addeddate": "01/24/17",
            "price": 13.5,
            "gbId": "3030-44652",
            "id": 144,
            "rating": "ESRB: E10+",
            "cib": "DL"
        },
        {
            "title": "Mortal Kombat XL (PSN)",
            "releasedate": "03/14/2016",
            "platform": "PlayStation 4",
            "genre": "Fighting",
            "publisher": "Warner Bros",
            "addeddate": "01/06/17",
            "price": 29,
            "gbId": "3030-46447",
            "id": 145,
            "rating": "ESRB: M",
            "cib": "DL"
        },
        {
            "title": "Outlast (PSN)",
            "releasedate": "09/04/2013",
            "platform": "PlayStation 4",
            "genre": "Horror",
            "publisher": "Red Barrels",
            "addeddate": "01/24/17",
            "price": 5,
            "gbId": "3030-40089",
            "id": 146,
            "rating": "ESRB: M",
            "cib": "DL"
        },
        {
            "title": "Ratchet & Clank",
            "releasedate": "04/22/2016",
            "platform": "PlayStation 4",
            "genre": "Platformer",
            "publisher": "SCEE",
            "addeddate": "01/06/17",
            "price": 21.45,
            "gbId": "3030-48727",
            "id": 147,
            "rating": "ESRB: E10+",
            "cib": "case"
        },
        {
            "title": "Rayman Legends",
            "releasedate": "02/21/2014",
            "platform": "PlayStation 4",
            "genre": "Action, Adventure, Platformer",
            "publisher": "Ubisoft",
            "addeddate": "01/06/17",
            "price": 17.74,
            "gbId": "3030-38141",
            "id": 148,
            "rating": "ESRB: E10+",
            "cib": "case"
        },
        {
            "title": "Rocket League GOTY Edition (PSN)",
            "releasedate": "07/07/2015",
            "platform": "PlayStation 4",
            "genre": "Driving, Vehicular Combat, Soccer",
            "publisher": "Psyonix",
            "addeddate": "01/09/17",
            "price": 20,
            "gbId": "3030-34407",
            "id": 149,
            "rating": "ESRB: E",
            "cib": "DL"
        },
        {
            "title": "Star Wars Battlefront Ultimate Edition (PSN)",
            "platform": "PlayStation 4",
            "genre": "Action, Shooter, FPS",
            "addeddate": "02/02/17",
            "price": 23,
            "gbId": "3030-42912",
            "id": 150,
            "rating": "ESRB: T",
            "releasedate": " -- ",
            "cib": "DL"
        },
        {
            "title": "The Walking Dead (PSN)",
            "releasedate": "11/21/2012",
            "platform": "PlayStation 4",
            "genre": "Adventure",
            "publisher": "Telltale Games",
            "addeddate": "01/24/17",
            "price": 17,
            "gbId": "3030-34205",
            "id": 151,
            "rating": "ESRB: M",
            "cib": "DL"
        },
        {
            "title": "Watch Dogs",
            "releasedate": "05/27/2014",
            "platform": "PlayStation 4",
            "genre": "Action",
            "publisher": "Ubisoft",
            "addeddate": "01/06/17",
            "price": 13.23,
            "gbId": "3030-38538",
            "id": 152,
            "rating": "ESRB: M",
            "cib": "case"
        },
        {
            "title": "The Wolf Among Us (PSN)",
            "releasedate": "10/11/2013",
            "platform": "PlayStation 4",
            "genre": "Adventure",
            "publisher": "WB Games",
            "addeddate": "01/24/17",
            "price": 17,
            "gbId": "3030-34213",
            "id": 153,
            "rating": "ESRB: M",
            "cib": "DL"
        },
        {
            "title": "God of War: Chains of Olympus",
            "releasedate": 39511,
            "platform": "PSP",
            "genre": "Action, Adventure, Hack & Slash",
            "publisher": "SCEA",
            "developer": "Ready at Dawn",
            "addeddate": 42515,
            "price": 7.6,
            "gbId": "3030-20592",
            "id": 154,
            "rating": "ESRB: M",
            "cib": "generic case"
        },
        {
            "title": "SEGA Genesis Collection",
            "releasedate": 39038,
            "platform": "PSP",
            "genre": "Compilation, Retro",
            "publisher": "Sega of America",
            "developer": "Digital Eclipse",
            "addeddate": 42515,
            "price": 15,
            "gbId": "3030-14457",
            "id": 155,
            "rating": "ESRB: T",
            "cib": "case"
        },
        {
            "title": "Battle of the Bands",
            "releasedate": 39559,
            "platform": "Wii",
            "genre": "Music",
            "publisher": "THQ",
            "developer": "Planet Moon Studios",
            "addeddate": 42515,
            "price": 3,
            "gbId": "3030-20872",
            "id": 156,
            "rating": "ESRB: E10+",
            "cib": "case"
        },
        {
            "title": "Call of Duty 3",
            "releasedate": 39037,
            "platform": "Wii",
            "genre": "FPS",
            "publisher": "Activision",
            "developer": "Treyarch",
            "addeddate": 42515,
            "price": 5,
            "gbId": "3030-7524",
            "id": 157,
            "rating": "ESRB: T",
            "cib": "case"
        },
        {
            "title": "Crash of the Titans",
            "releasedate": 39357,
            "platform": "Wii",
            "genre": "Action, Platformer",
            "publisher": "Vivendi Games",
            "developer": "Radical Entertainment",
            "addeddate": 42515,
            "price": 12,
            "gbId": "3030-7670",
            "id": 158,
            "rating": "ESRB: E",
            "cib": "case"
        },
        {
            "title": "Epic Mickey",
            "releasedate": 40512,
            "platform": "Wii",
            "genre": "Action, Adventure",
            "publisher": "Disney Interactive Studios",
            "developer": "Junction Point",
            "addeddate": 42515,
            "price": 5,
            "gbId": "3030-27562",
            "id": 159,
            "rating": "ESRB: E",
            "cib": "case"
        },
        {
            "title": "Epic Mickey 2: The Power Of Two",
            "releasedate": 41233,
            "platform": "Wii",
            "genre": "Action, Adventure",
            "publisher": "Disney Interactive Studios",
            "developer": "Junction Point",
            "addeddate": 42515,
            "price": 6.2,
            "gbId": "3030-37164",
            "id": 160,
            "rating": "ESRB: E",
            "cib": "case"
        },
        {
            "title": "Just Dance 3",
            "platform": "Wii",
            "genre": "Dance, Music",
            "addeddate": "02/02/17",
            "price": 4,
            "gbId": "3030-35553/",
            "id": 161,
            "rating": "ESRB: E10+",
            "releasedate": " -- ",
            "cib": "case"
        },
        {
            "title": "Link's Crossbow Training",
            "releasedate": 39405,
            "platform": "Wii",
            "genre": "Action, Shooter",
            "publisher": "Nintendo",
            "developer": "EAD",
            "addeddate": 42515,
            "price": 5.5,
            "gbId": "3030-1074",
            "id": 162,
            "rating": "ESRB: T",
            "cib": "case"
        },
        {
            "title": "Mario Kart Wii",
            "releasedate": 39565,
            "platform": "Wii",
            "genre": "Racing",
            "publisher": "Nintendo",
            "developer": "Nintendo",
            "addeddate": 42515,
            "price": 20.5,
            "gbId": "3030-20645",
            "id": 163,
            "rating": "ESRB: E",
            "cib": "case"
        },
        {
            "title": "Mario Party 8",
            "releasedate": 39231,
            "platform": "Wii",
            "genre": "Party, Puzzle",
            "publisher": "Nintendo",
            "developer": "Nintendo",
            "addeddate": 42515,
            "price": 17.5,
            "gbId": "3030-8362",
            "id": 164,
            "rating": "ESRB: E",
            "cib": "case"
        },
        {
            "title": "Star Wars: The Clone Wars: Lightsaber Duels",
            "releasedate": 39763,
            "platform": "Wii",
            "genre": "Fighting",
            "publisher": "LucasArts",
            "developer": "Krome Studios",
            "addeddate": 42515,
            "price": 5,
            "gbId": "3030-21023",
            "id": 165,
            "rating": "ESRB: T",
            "cib": "case"
        },
        {
            "title": "Super Mario Galaxy",
            "releasedate": 39398,
            "platform": "Wii",
            "genre": "Platformer",
            "publisher": "Nintendo",
            "developer": "Nintendo",
            "addeddate": 42515,
            "price": 9.7,
            "gbId": "3030-16094",
            "id": 166,
            "rating": "ESRB: E",
            "cib": "case"
        },
        {
            "title": "Super Smash Bros. Brawl",
            "releasedate": 39517,
            "platform": "Wii",
            "genre": "Action, Fighting",
            "publisher": "Nintendo",
            "developer": "Nintendo",
            "addeddate": 42515,
            "price": 15,
            "gbId": "3030-20588",
            "id": 167,
            "rating": "ESRB: T",
            "cib": "case"
        },
        {
            "title": "Wii Sports",
            "releasedate": 39038,
            "platform": "Wii",
            "genre": "Party, Sports",
            "publisher": "Nintendo",
            "developer": "Nintendo",
            "addeddate": 42515,
            "price": 10,
            "gbId": "3030-13328",
            "id": 168,
            "rating": "ESRB: E",
            "cib": "case"
        },
        {
            "title": "Wii Sports Resort",
            "releasedate": 40022,
            "platform": "Wii",
            "genre": "Sports",
            "publisher": "Nintendo",
            "developer": "Nintendo",
            "addeddate": 42515,
            "price": 15,
            "gbId": "3030-21098",
            "id": 169,
            "rating": "ESRB: E",
            "cib": "case"
        },
        {
            "title": "Angry Birds Star Wars",
            "releasedate": 41576,
            "platform": "Wii U",
            "genre": "Action, Puzzle",
            "publisher": "Activision",
            "developer": "Rovio",
            "addeddate": 42515,
            "price": 13,
            "gbId": "3030-39945",
            "id": 170,
            "rating": "ESRB: E",
            "cib": "case"
        },
        {
            "title": "Donkey Kong Country: Tropical Freeze",
            "releasedate": 41691,
            "platform": "Wii U",
            "genre": "Action, Platformer",
            "publisher": "Nintendo",
            "developer": "Retro Studios",
            "addeddate": 42515,
            "price": 16.5,
            "gbId": "3030-42932",
            "id": 171,
            "rating": "ESRB: E",
            "cib": "case"
        },
        {
            "title": "LEGO Marvel Super Heroes",
            "releasedate": 41593,
            "platform": "Wii U",
            "genre": "Action, Adventure",
            "publisher": "Warner Bros Interactive",
            "developer": "Travellers Tales",
            "addeddate": 42515,
            "price": 11.4,
            "gbId": "3030-41090",
            "id": 172,
            "rating": "ESRB: E10+",
            "cib": "case"
        },
        {
            "title": "Mario & Sonic at the Winter Olympic Games 2014",
            "releasedate": "11/15/2013",
            "platform": "Wii U",
            "genre": "Sports",
            "publisher": "Sega Nintendo",
            "developer": "Sega",
            "addeddate": "12/4/2016",
            "price": 10,
            "gbId": "3030-42658",
            "id": 173,
            "rating": "ESRB: E",
            "cib": "case"
        },
        {
            "title": "Mario Kart 8",
            "releasedate": 41789,
            "platform": "Wii U",
            "genre": "Racing",
            "publisher": "Nintendo",
            "developer": "Nintendo",
            "addeddate": 42515,
            "price": 37,
            "gbId": "3030-42929",
            "id": 174,
            "rating": "ESRB: E",
            "cib": "case"
        },
        {
            "title": "Nintendo Land",
            "releasedate": 41243,
            "platform": "Wii U",
            "genre": "Entertainment",
            "publisher": "Nintendo",
            "developer": "Nintendo",
            "addeddate": 42515,
            "price": 9.5,
            "gbId": "3030-38549",
            "id": 175,
            "rating": "ESRB: E10+",
            "cib": "case"
        },
        {
            "title": "Sonic & All-Stars Racing Transformed",
            "releasedate": 41243,
            "platform": "Wii U",
            "genre": "Racing",
            "publisher": "Sega of America",
            "developer": "Sumo Digital",
            "addeddate": 42515,
            "price": 14,
            "gbId": "3030-38173",
            "id": 176,
            "rating": "ESRB: E10+",
            "cib": "case"
        },
        {
            "title": "Star Fox Guard",
            "releasedate": 42482,
            "platform": "Wii U",
            "genre": "Strategy",
            "publisher": "Nintendo",
            "developer": "Nintendo",
            "addeddate": 42515,
            "gbId": "3030-46595",
            "id": 177,
            "rating": "ESRB: E10+",
            "price": "3",
            "cib": "case"
        },
        {
            "title": "Star Fox Zero",
            "releasedate": 42482,
            "platform": "Wii U",
            "genre": "Action, Adventure, Flight Combat",
            "publisher": "Nintendo",
            "developer": "Nintendo",
            "addeddate": 42515,
            "price": 34,
            "gbId": "3030-46584",
            "id": 178,
            "rating": "ESRB: E10+",
            "cib": "case"
        },
        {
            "title": "Super Mario 3D World",
            "releasedate": 41607,
            "platform": "Wii U",
            "genre": "Action",
            "publisher": "Nintendo",
            "developer": "Nintendo",
            "addeddate": 42515,
            "price": 16.6,
            "gbId": "3030-42931",
            "id": 179,
            "rating": "ESRB: E",
            "cib": "case"
        },
        {
            "title": "Super Mario Maker",
            "releasedate": 42258,
            "platform": "Wii U",
            "genre": "Entertainment, Platformer",
            "publisher": "Nintendo",
            "developer": "Nintendo",
            "addeddate": 42515,
            "price": 40.4,
            "gbId": "3030-46580",
            "id": 180,
            "rating": "ESRB: E",
            "cib": "case"
        },
        {
            "title": "Super Smash Bros. for Wii U",
            "releasedate": 41978,
            "platform": "Wii U",
            "genre": "Action, Fighting",
            "publisher": "Nintendo",
            "developer": "Nintendo",
            "addeddate": 42515,
            "price": 40,
            "gbId": "3030-35573",
            "id": 181,
            "rating": "ESRB: E10+",
            "cib": "case"
        },
        {
            "title": "Advance Wars 2: Black Hole Rising",
            "releasedate": "06/24/2003",
            "platform": "Gameboy Advance",
            "genre": "Strategy",
            "publisher": "Nintendo",
            "developer": "Intelligent Systems",
            "addeddate": 42681,
            "price": 16,
            "gbId": "3030-5255",
            "id": 182,
            "rating": "ESRB: E",
            "cib": "loose"
        },
        {
            "title": "Harry Potter and the Sorcerer's Stone",
            "releasedate": "11/15/2001",
            "platform": "Gameboy Advance",
            "genre": "Adventure",
            "publisher": "Electronic Arts",
            "addeddate": 42681,
            "price": 4,
            "gbId": "3030-577",
            "id": 183,
            "rating": "ESRB: E",
            "cib": "loose"
        },
        {
            "title": "The Incredible Hulk",
            "releasedate": "05/27/2003",
            "platform": "Gameboy Advance",
            "genre": "Action",
            "addeddate": 42681,
            "price": 3.67,
            "gbId": "3030-24609",
            "id": 184,
            "rating": "ESRB: E",
            "cib": "loose"
        },
        {
            "title": "Jimmy Neutron: Jet Fusion",
            "releasedate": "09/16/2003",
            "platform": "Gameboy Advance",
            "genre": "Action",
            "publisher": "THQ",
            "addeddate": 42681,
            "price": 2.76,
            "gbId": "3030-22076",
            "id": 185,
            "rating": "ESRB: E",
            "cib": "loose"
        },
        {
            "title": "The Legend of Zelda: A Link to the Past w/ the Four Swords",
            "releasedate": "12/02/2002",
            "platform": "Gameboy Advance",
            "genre": "Action, RPG",
            "publisher": "Nintendo",
            "developer": "Nintendo",
            "addeddate": 42681,
            "price": 13.5,
            "gbId": "3030-35064",
            "id": 186,
            "rating": "ESRB: E",
            "cib": "loose"
        },
        {
            "title": "LEGO Star Wars II: The Original Trilogy",
            "releasedate": "09/11/2006",
            "platform": "Gameboy Advance",
            "genre": "Action, Adventure",
            "publisher": "Lucas Arts Entertainment",
            "addeddate": 42681,
            "price": 3.68,
            "gbId": "3030-9631",
            "id": 187,
            "rating": "ESRB: E10+",
            "cib": "loose"
        },
        {
            "title": "Metroid: Zero Mission",
            "releasedate": "02/09/2004",
            "platform": "Gameboy Advance",
            "genre": "Shooter",
            "publisher": "Nintendo of America, Inc.",
            "developer": "Nintendo Co. Ltd.",
            "addeddate": 42681,
            "price": 26.28,
            "gbId": "3030-17356",
            "id": 188,
            "rating": "ESRB: E",
            "cib": "loose"
        },
        {
            "title": "Power Rangers: DinoThunder",
            "releasedate": "09/14/2004",
            "platform": "Gameboy Advance",
            "genre": "Action",
            "addeddate": 42681,
            "price": 4,
            "gbId": "3030-22141",
            "id": 189,
            "rating": "ESRB: E",
            "cib": "loose"
        },
        {
            "title": "SpongeBob SquarePants: The Battle For Bikini Bottom",
            "platform": "Gameboy Advance",
            "genre": "Platformer",
            "addeddate": 42681,
            "price": 3,
            "gbId": "3030-10556",
            "id": 190,
            "rating": "ESRB: E",
            "releasedate": "10/31/2003",
            "cib": "loose"
        },
        {
            "title": "Tony Hawk Pro Skater 2",
            "platform": "Gameboy Advance",
            "genre": "Sports, Skating",
            "addeddate": "12/4/2016",
            "price": 5,
            "gbId": "3030-990",
            "id": 191,
            "rating": "ESRB: E",
            "releasedate": "09/20/2000",
            "cib": "loose"
        },
        {
            "addeddate": "02/26/2017",
            "gbId": "3030-5393",
            "title": "Battle Squadron",
            "rating": "JOEY: E",
            "releasedate": "11/01/1990",
            "genre": "Action",
            "price": 14,
            "platform": "Genesis",
            "id": 194,
            "cib": "loose"
        },
        {
            "addeddate": "02/26/2017",
            "gbId": "3030-48113",
            "price": 31,
            "title": "Battlefield 1",
            "rating": "ESRB: M",
            "releasedate": "10/21/2016",
            "genre": "FPS",
            "platform": "PlayStation 4",
            "id": 195,
            "cib": "case"
        },
        {
            "addeddate": "02/26/2017",
            "gbId": "3030-48618",
            "title": "Borderlands: The Handsome Collection",
            "rating": "ESRB: M",
            "releasedate": "03/24/2015",
            "genre": "RPG, Compilation, FPS",
            "price": 16.5,
            "platform": "PlayStation 4",
            "id": 196,
            "cib": "case"
        },
        {
            "addeddate": "02/26/2017",
            "gbId": "3030-46567",
            "title": "LittleBigPlanet 3 (PSN)",
            "rating": "ESRB: E",
            "releasedate": "11/18/2014",
            "genre": "Platformer",
            "platform": "PlayStation 4",
            "price": 11,
            "id": 197,
            "cib": "DL"
        },
        {
            "addeddate": "02/26/2017",
            "gbId": "3030-19571",
            "title": "T2: The Arcade Game",
            "rating": "JOEY: E10+",
            "releasedate": "01/01/1991",
            "price": 6.5,
            "genre": "Shooter",
            "platform": "Genesis",
            "id": 198,
            "cib": "loose"
        },
        {
            "addeddate": "02/26/2017",
            "gbId": "3030-10715",
            "title": "Star Wars Arcade",
            "rating": "JOEY: E",
            "releasedate": "09/30/1993",
            "genre": "Action, Shooter, Flight Simulator, SHMUP",
            "price": "8",
            "platform": "32X",
            "id": 199,
            "cib": "loose"
        },
        {
            "addeddate": "02/26/2017",
            "gbId": "3030-47970",
            "title": "Fluster Cluck (PSN)",
            "rating": "ESRB: E",
            "releasedate": "10/21/2014",
            "genre": "Dual-Joystick Shooter",
            "price": 2,
            "platform": "PlayStation 4",
            "id": 200,
            "cib": "DL"
        },
        {
            "addeddate": "02/26/2017",
            "gbId": "3030-12572",
            "title": "The Legend of Zelda: Ocarina of Time",
            "rating": "ESRB: E",
            "releasedate": "11/21/1998",
            "genre": "RPG, Action, Adventure",
            "price": 17,
            "platform": "Nintendo 3DS",
            "id": 201,
            "cib": "case"
        },
        {
            "addeddate": "02/28/2017",
            "gbId": "3030-5825",
            "title": "Frequency",
            "rating": "ESRB: E",
            "releasedate": "11/19/2001",
            "genre": "Music",
            "price": 8,
            "platform": "PlayStation 2",
            "id": 203,
            "cib": "case"
        },
        {
            "addeddate": "03/04/2017",
            "gbId": "3030-9523",
            "title": "Sonic Heroes",
            "rating": "ESRB: E",
            "releasedate": "01/06/2004",
            "genre": "Action, Platformer",
            "price": 10,
            "cib": "case",
            "platform": "GameCube",
            "id": 206
        },
        {
            "addeddate": "03/05/2017",
            "gbId": "3030-10276",
            "price": 31,
            "cib": "sleeve",
            "title": "The Legend of Zelda: A Link to the Past",
            "rating": "ESRB: K-A",
            "releasedate": "11/21/1991",
            "genre": "Action, Adventure, RPG",
            "platform": "SNES",
            "id": 207
        },
        {
            "addeddate": "03/05/2017",
            "gbId": "3030-1334",
            "price": 20,
            "cib": "sleeve",
            "title": "Super Mario World",
            "rating": "ESRB: E",
            "releasedate": "11/21/1990",
            "genre": "Platformer",
            "platform": "SNES",
            "id": 208
        },
        {
            "addeddate": "03/05/2017",
            "gbId": "3030-19071",
            "price": 30,
            "cib": "sleeve",
            "title": "Super Mario Kart",
            "rating": "ESRB: E",
            "releasedate": "08/27/1992",
            "genre": "Racing, Vehicular Combat",
            "platform": "SNES",
            "id": 209
        },
        {
            "addeddate": "03/05/2017",
            "gbId": "3030-42164",
            "price": 0,
            "cib": "DL",
            "platform": "PC",
            "title": "Organ Trail: Director's Cut",
            "rating": "JOEY: E10+",
            "releasedate": "03/19/2013",
            "genre": "Strategy, Simulation",
            "id": 210
        },
        {
            "addeddate": "03/05/2017",
            "gbId": "3030-21170",
            "price": 0,
            "cib": "DL",
            "platform": "PC",
            "title": "Portal",
            "rating": "ESRB: T",
            "releasedate": "10/10/2007",
            "genre": "Puzzle, Platformer",
            "id": 211
        },
        {
            "addeddate": "03/05/2017",
            "gbId": "3030-21662",
            "price": 0,
            "cib": "DL",
            "platform": "PC",
            "title": "Portal 2",
            "rating": "ESRB: E10+",
            "releasedate": "04/19/2011",
            "genre": "Puzzle, FPS",
            "id": 212
        },
        {
            "addeddate": "03/05/2017",
            "gbId": "3030-2980",
            "price": 0,
            "cib": "DL",
            "platform": "PC",
            "title": "Half-Life",
            "rating": "ESRB: M",
            "releasedate": "11/19/1998",
            "genre": "FPS",
            "id": 213
        },
        {
            "addeddate": "03/13/2017",
            "gbId": "3030-39035",
            "cib": "DL",
            "title": "Battlefield 4",
            "rating": "ESRB: M",
            "releasedate": "10/29/2013",
            "genre": "FPS",
            "platform": "PlayStation 4",
            "price": 8,
            "id": 214
        },
        {
            "addeddate": "03/08/2017",
            "gbId": "0",
            "price": 15,
            "title": "Uniracers",
            "rating": "ESRB: K-A",
            "releasedate": "12/31/1994",
            "genre": "Driving, Racing",
            "platform": "SNES",
            "id": 227,
            "cib": "loose"
        },
        {
            "addeddate": "03/13/2017",
            "gbId": "3030-20953",
            "title": "Sonic Unleashed",
            "rating": "ESRB: E10+",
            "releasedate": "11/14/2008",
            "genre": "Platformer, Action-Adventure",
            "platform": "Wii",
            "price": 7,
            "id": 228,
            "cib": "case"
        }
    ]
}