
{
  "hardware" : [
    {
      "Accessory" : "6 button controller",
      "Console" : "32X",
      "Quantity" : 1,
      "Value" : 12,
      "Total" : 12
    },
    {
      "Accessory" : "Sega Controller",
      "Console" : "Dreamcast",
      "Quantity" : 2,
      "Value" : 20,
      "Total" : 40
    },
    {
      "Accessory" : "Controller Extension",
      "Console" : "Dreamcast",
      "Quantity" : 2,
      "Value" : 5,
      "Total" : 10
    },
    {
      "Accessory" : "VGA Cable",
      "Console" : "Dreamcast",
      "Quantity" : 1,
      "Value" : 14,
      "Total" : 14
    },
    {
      "Accessory" : "VGA Upscaler",
      "Console" : "Dreamcast",
      "Quantity" : 1,
      "Value" : 40,
      "Total" : 40
    },
    {
      "Accessory" : "VMU",
      "Console" : "Dreamcast",
      "Quantity" : 1,
      "Value" : 8,
      "Total" : 8
    },
    {
      "Accessory" : "Memory Card",
      "Console" : "Dreamcast",
      "Quantity" : 1,
      "Value" : 5,
      "Total" : 5
    },
    {
      "Accessory" : "Jump Pack",
      "Console" : "Dreamcast",
      "Quantity" : 1,
      "Value" : 7,
      "Total" : 7
    },
    {
      "Accessory" : "Wavebird Controller",
      "Console" : "Gamecube",
      "Quantity" : 2,
      "Value" : 35,
      "Total" : 70
    },
    {
      "Accessory" : "Nintendo Controller",
      "Console" : "Gamecube",
      "Quantity" : 2,
      "Value" : 15,
      "Total" : 30
    },
    {
      "Accessory" : "Microphone",
      "Console" : "Gamecube",
      "Quantity" : 1,
      "Value" : 6,
      "Total" : 6
    },
    {
      "Accessory" : "Memory Card",
      "Console" : "Gamecube",
      "Quantity" : 1,
      "Value" : 6,
      "Total" : 6
    },
    {
      "Accessory" : "S-Video Cable",
      "Console" : "Gamecube",
      "Quantity" : 1,
      "Value" : 15,
      "Total" : 15
    },
    {
      "Accessory" : "S-Video Upscaler",
      "Console" : "Gamecube",
      "Quantity" : 1,
      "Value" : 40,
      "Total" : 40
    },
    {
      "Accessory" : "Bongo Controller",
      "Console" : "Gamecube",
      "Quantity" : 2,
      "Value" : 7,
      "Total" : 14
    },
    {
      "Accessory" : "Sega Controller",
      "Console" : "Genesis",
      "Quantity" : 1,
      "Value" : 11,
      "Total" : 11
    },
    {
      "Accessory" : "Controller Extension",
      "Console" : "Genesis",
      "Quantity" : 2,
      "Value" : 5,
      "Total" : 10
    },
    {
      "Accessory" : "SCART cable",
      "Console" : "Genesis",
      "Quantity" : 1,
      "Value" : 15,
      "Total" : 15
    },
    {
      "Accessory" : "SCART upscaler",
      "Console" : "Genesis",
      "Quantity" : 1,
      "Value" : 40,
      "Total" : 40
    },
    {
      "Accessory" : "Nintendo Controller",
      "Console" : "NES",
      "Quantity" : 3,
      "Value" : 14,
      "Total" : 42
    },
    {
      "Accessory" : "Light Gun",
      "Console" : "NES",
      "Quantity" : 1,
      "Value" : 14,
      "Total" : 14
    },
    {
      "Accessory" : "Composite Upscaler",
      "Console" : "NES",
      "Quantity" : 1,
      "Value" : 30,
      "Total" : 30
    },
    {
      "Accessory" : "Charger",
      "Console" : "3DS",
      "Quantity" : 2,
      "Value" : 5,
      "Total" : 10
    },
    {
      "Accessory" : "Carrying Case",
      "Console" : "3DS",
      "Quantity" : 1,
      "Value" : 15,
      "Total" : 15
    },
    {
      "Accessory" : "Nintendo Controller",
      "Console" : "N64",
      "Quantity" : 1,
      "Value" : 10,
      "Total" : 10
    },
    {
      "Accessory" : "3rd Party Controller",
      "Console" : "N64",
      "Quantity" : 1,
      "Value" : 8,
      "Total" : 8
    },
    {
      "Accessory" : "Controller Extension",
      "Console" : "N64",
      "Quantity" : 2,
      "Value" : 7.5,
      "Total" : 15
    },
    {
      "Accessory" : "Expansion Card",
      "Console" : "N64",
      "Quantity" : 1,
      "Value" : 25,
      "Total" : 25
    },
    {
      "Accessory" : "Rumble Pack",
      "Console" : "N64",
      "Quantity" : 1,
      "Value" : 11,
      "Total" : 11
    },
    {
      "Accessory" : "Memory Card",
      "Console" : "N64",
      "Quantity" : 1,
      "Value" : 8,
      "Total" : 8
    },
    {
      "Accessory" : "Sony Controller",
      "Console" : "PS2",
      "Quantity" : 3,
      "Value" : 7,
      "Total" : 21
    },
    {
      "Accessory" : "Memory Card",
      "Console" : "PS2",
      "Quantity" : 2,
      "Value" : 8,
      "Total" : 16
    },
    {
      "Accessory" : "Multi-Tap",
      "Console" : "PS2",
      "Quantity" : 1,
      "Value" : 8,
      "Total" : 8
    },
    {
      "Accessory" : "Component Upscaler",
      "Console" : "PS2",
      "Quantity" : 1,
      "Value" : 40,
      "Total" : 40
    },
    {
      "Accessory" : "Guitar Controller",
      "Console" : "PS2",
      "Quantity" : 2,
      "Value" : 18,
      "Total" : 36
    },
    {
      "Accessory" : "Taiko Drum Controller",
      "Console" : "PS2",
      "Quantity" : 1,
      "Value" : 15,
      "Total" : 15
    },
    {
      "Accessory" : "DVD Remote",
      "Console" : "PS2",
      "Quantity" : 1,
      "Value" : 5,
      "Total" : 5
    },
    {
      "Accessory" : "Sony Controller",
      "Console" : "PS3",
      "Quantity" : 2,
      "Value" : 15,
      "Total" : 30
    },
    {
      "Accessory" : "Bluetooth Headset",
      "Console" : "PS3",
      "Quantity" : 1,
      "Value" : 10,
      "Total" : 10
    },
    {
      "Accessory" : "Bluray Remote",
      "Console" : "PS3",
      "Quantity" : 1,
      "Value" : 20,
      "Total" : 20
    },
    {
      "Accessory" : "Charger",
      "Console" : "PSP",
      "Quantity" : 1,
      "Value" : 5,
      "Total" : 5
    },
    {
      "Accessory" : "Carrying Case",
      "Console" : "PSP",
      "Quantity" : 1,
      "Value" : 10,
      "Total" : 10
    },
    {
      "Accessory" : "Game Case",
      "Console" : "PSP",
      "Quantity" : 1,
      "Value" : 8,
      "Total" : 8
    },
    {
      "Accessory" : "Nintendo Nunchuck",
      "Console" : "Wii",
      "Quantity" : 3,
      "Value" : 5,
      "Total" : 15
    },
    {
      "Accessory" : "Nintendo Wiimote",
      "Console" : "Wii",
      "Quantity" : 4,
      "Value" : 16,
      "Total" : 64
    },
    {
      "Accessory" : "3rd Party Wiimote",
      "Console" : "Wii",
      "Quantity" : 1,
      "Value" : 8,
      "Total" : 8
    },
    {
      "Accessory" : "Nintendo Classic Controller",
      "Console" : "Wii",
      "Quantity" : 1,
      "Value" : 10,
      "Total" : 10
    },
    {
      "Accessory" : "Steering Wheel Remote",
      "Console" : "Wii",
      "Quantity" : 1,
      "Value" : 7,
      "Total" : 7
    },
    {
      "Accessory" : "Gun Remote",
      "Console" : "Wii",
      "Quantity" : 2,
      "Value" : 5,
      "Total" : 10
    },
    {
      "Accessory" : "Premium Light Bar",
      "Console" : "Wii U",
      "Quantity" : 1,
      "Value" : 30,
      "Total" : 30
    },
    {
      "Accessory" : "Dualshock Controller",
      "Console" : "PS4",
      "Quantity" : 2,
      "Value" : 60,
      "Total" : 120
    },
    {
      "Accessory" : "Sega Dreamcast",
      "Console" : "Dreamcast",
      "Quantity" : 1,
      "Value" : 40,
      "Total" : 40,
      "con": true,
      "gbId": "3045-37"
    },
    {
      "Accessory" : "Wii U",
      "Console" : "Wii U",
      "Quantity" : 1,
      "Value" : 200,
      "Total" : 200,
      "con": true,
      "gbId": "3045-139"
    },
    {
      "Accessory" : "N64",
      "Console" : "N64",
      "Quantity" : 1,
      "Value" : 65,
      "Total" : 65,
      "con": true,
      "gbId": "3045-43"
    },
    {
      "Accessory" : "Genesis",
      "Console" : "Genesis",
      "Quantity" : 1,
      "Value" : 60,
      "Total" : 60,
      "con": true,
      "gbId": "3045-6"
    },
    {
      "Accessory" : "PS2 Slim",
      "Console" : "PS2",
      "Quantity" : 1,
      "Value" : 65,
      "Total" : 65,
      "con": true,
      "gbId": "3045-19"
    },
    {
      "Accessory" : "PS3",
      "Console" : "PS3",
      "Quantity" : 1,
      "Value" : 100,
      "Total" : 100,
      "con": true,
      "gbId": "3045-35"
    },
    {
      "Accessory" : "Wii",
      "Console" : "Wii",
      "Quantity" : 1,
      "Value" : 75,
      "Total" : 75,
      "con": true,
      "gbId": "3045-36",
      "mods": "homebrew, 320GB HD, 78 games on disk"
    },
    {
      "Accessory" : "PSP 1001",
      "Console" : "PSP",
      "Quantity" : 1,
      "Value" : 60,
      "Total" : 60,
      "con": true,
      "gbId": "3045-18",
      "mods": "custom firmware, SNES emulator"
    },
    {
      "Accessory" : "GBA SP",
      "Console" : "GBA SP",
      "Quantity" : 1,
      "Value" : 30,
      "Total" : 30,
      "con": true,
      "gbId": "3045-4"
    },
    {
      "Accessory" : "3DS",
      "Console" : "3DS",
      "Quantity" : 1,
      "Value" : 150,
      "Total" : 150,
      "con": true,
      "gbId": "3045-117"
    },
    {
      "Accessory" : "NES",
      "Console" : "NES",
      "Quantity" : 1,
      "Value" : 75,
      "Total" : 75,
      "con": true,
      "gbId": "3045-21"
    },
    {
      "Accessory" : "Gamecube",
      "Console" : "Gamecube",
      "Quantity" : 1,
      "Value" : 50,
      "Total" : 50,
      "con": true,
      "gbId": "3045-23"
    },
    {
      "Accessory" : "32X",
      "Console" : "32X",
      "Quantity" : 1,
      "Value" : 40,
      "Total" : 40,
      "con": true,
      "gbId": "3045-31"
    },
    {
      "Accessory" : "Playstation 4 Pro",
      "Console" : "PS4",
      "Quantity" : 1,
      "Value" : 400,
      "Total" : 400,
      "con": true,
      "gbId": "3045-146"
    }
  ]
}
