{
    "games": [
        {
            "gbId": "3045-40",
            "ebayPrice": 20,
            "id": 1,
            "lastModified": "03/16/2017",
            "companyName": "Atari",
            "installBase": "30000000",
            "originalPrice": 200,
            "releasedate": "10/31/1977",
            "title": "Atari 2600"
        },
        {
            "gbId": "3045-67",
            "ebayPrice": {
                "filter": {
                    "filter": 45,
                    "display": "$45.00"
                },
                "display": "$100.00"
            },
            "id": 2,
            "lastModified": "03/16/2017",
            "companyName": "Atari",
            "installBase": "1000000",
            "originalPrice": 270,
            "releasedate": "03/31/1982",
            "title": "Atari 5200"
        },
        {
            "gbId": "3045-70",
            "ebayPrice": {
                "filter": {
                    "filter": 56,
                    "display": "$56.00"
                },
                "display": "$85.00"
            },
            "id": 3,
            "lastModified": "03/16/2017",
            "companyName": "Atari SA",
            "installBase": "2500000",
            "originalPrice": 140,
            "releasedate": "06/30/1986",
            "title": "Atari 7800"
        },
        {
            "gbId": "3045-28",
            "ebayPrice": 200,
            "id": 4,
            "lastModified": "03/16/2017",
            "companyName": "Atari SA",
            "installBase": "500000",
            "originalPrice": 250,
            "releasedate": "11/30/1993",
            "title": "Jaguar"
        },
        {
            "gbId": "3045-47",
            "ebayPrice": 65,
            "id": 5,
            "lastModified": "03/16/2017",
            "companyName": "Coleco",
            "installBase": "6000000",
            "originalPrice": 200,
            "releasedate": "08/31/1982",
            "title": "ColecoVision"
        },
        {
            "gbId": "3045-51",
            "ebayPrice": {
                "filter": 45,
                "display": "$45.00"
            },
            "id": 6,
            "lastModified": "03/16/2017",
            "companyName": "Mattel",
            "installBase": "3000000",
            "originalPrice": 299,
            "releasedate": "01/31/1979",
            "title": "Intellivision"
        },
        {
            "gbId": "3045-74",
            "ebayPrice": 50,
            "id": 7,
            "lastModified": "03/16/2017",
            "companyName": "Magnavox",
            "installBase": "330000",
            "originalPrice": 100,
            "releasedate": "08/31/1972",
            "title": "Odyssey"
        },
        {
            "gbId": "3045-25",
            "ebayPrice": 250,
            "id": 8,
            "lastModified": "03/16/2017",
            "companyName": "SNK",
            "installBase": "1000000",
            "originalPrice": 650,
            "releasedate": "01/31/1990",
            "title": "Neo Geo"
        },
        {
            "gbId": "3045-59",
            "ebayPrice": 120,
            "id": 9,
            "lastModified": "03/16/2017",
            "companyName": "SNK",
            "installBase": "1000000",
            "originalPrice": 300,
            "releasedate": "10/31/1994",
            "title": "Neo Geo CD"
        },
        {
            "gbId": "3045-26",
            "ebayPrice": {
                "filter": {
                    "filter": 150,
                    "display": "$150.00"
                },
                "display": "$150.00"
            },
            "id": 10,
            "lastModified": "03/16/2017",
            "companyName": "Panasonic",
            "installBase": "2000000",
            "originalPrice": 700,
            "releasedate": "08/31/1993",
            "title": "3DO"
        },
        {
            "gbId": "3045-27",
            "ebayPrice": {
                "filter": {
                    "filter": 70,
                    "display": "$70.00"
                },
                "display": "$150.00"
            },
            "id": 11,
            "lastModified": "03/16/2017",
            "companyName": "Philips",
            "installBase": "570000",
            "originalPrice": 700,
            "releasedate": "12/03/1991",
            "title": "CD-i"
        },
        {
            "gbId": "3045-22",
            "ebayPrice": {
                "filter": {
                    "filter": 40,
                    "display": "$40.00"
                },
                "display": "$50.00"
            },
            "id": 12,
            "lastModified": "03/16/2017",
            "companyName": "Sony",
            "installBase": "102490000",
            "originalPrice": 299,
            "releasedate": "12/03/1994",
            "title": "PlayStation"
        },
        {
            "gbId": "3045-129",
            "ebayPrice": {
                "filter": {
                    "filter": 150,
                    "display": "$150.00"
                },
                "display": "$150.00"
            },
            "id": 13,
            "lastModified": "03/16/2017",
            "companyName": "Sony",
            "installBase": "6000000",
            "originalPrice": 249,
            "releasedate": "02/29/2012",
            "title": "PlayStation Vita"
        },
        {
            "gbId": "3045-29",
            "ebayPrice": 120,
            "id": 14,
            "lastModified": "03/16/2017",
            "companyName": "Sega",
            "installBase": "6000000",
            "originalPrice": 299,
            "releasedate": "10/15/1992",
            "title": "Sega CD"
        },
        {
            "gbId": "3045-5",
            "ebayPrice": 65,
            "id": 15,
            "lastModified": "03/16/2017",
            "companyName": "Sega",
            "installBase": "11000000",
            "originalPrice": 150,
            "releasedate": "10/28/1990",
            "title": "Game Gear"
        },
        {
            "gbId": "3045-8",
            "ebayPrice": 75,
            "id": 16,
            "lastModified": "03/16/2017",
            "companyName": "Sega",
            "installBase": "16390000",
            "originalPrice": 200,
            "releasedate": "10/20/1985",
            "title": "Sega Master System"
        },
        {
            "gbId": "3045-6",
            "ebayPrice": 120,
            "id": 17,
            "lastModified": "03/16/2017",
            "companyName": "Sega",
            "installBase": "40000000",
            "originalPrice": 189,
            "releasedate": "10/29/1988",
            "title": "Nomad"
        },
        {
            "gbId": "3045-42",
            "ebayPrice": 120,
            "id": 18,
            "lastModified": "03/16/2017",
            "companyName": "Sega",
            "installBase": "17000000",
            "originalPrice": 399,
            "releasedate": "11/22/1994",
            "title": "Saturn"
        },
        {
            "gbId": "3045-9",
            "ebayPrice": 100,
            "id": 19,
            "lastModified": "03/16/2017",
            "companyName": "Nintendo",
            "installBase": "49100000",
            "originalPrice": 199,
            "releasedate": "11/21/1990",
            "title": "Super Nintendo Entertainment System"
        },
        {
            "gbId": "3045-55",
            "ebayPrice": {
                "filter": 200,
                "display": "$200.00"
            },
            "id": 20,
            "lastModified": "03/16/2017",
            "companyName": "NEC",
            "installBase": "10000000",
            "originalPrice": 199,
            "releasedate": "10/30/1987",
            "title": "TurboGrafx-16"
        },
        {
            "gbId": "3045-32",
            "ebayPrice": {
                "filter": {
                    "filter": 65,
                    "display": "$65.00"
                },
                "display": "$70.00"
            },
            "id": 21,
            "lastModified": "03/16/2017",
            "companyName": "Microsoft",
            "installBase": "24000000",
            "originalPrice": 299,
            "releasedate": "11/30/2001",
            "title": "Xbox"
        },
        {
            "gbId": "3045-20",
            "ebayPrice": {
                "filter": {
                    "filter": 120,
                    "display": "$120.00"
                },
                "display": "$130.00"
            },
            "id": 22,
            "lastModified": "03/16/2017",
            "companyName": "Microsoft",
            "installBase": "80000000",
            "originalPrice": 399,
            "releasedate": "11/22/2005",
            "title": "Xbox 360"
        },
        {
            "gbId": "3045-65",
            "ebayPrice": {
                "filter": {
                    "filter": 80,
                    "display": "$80.00"
                },
                "display": "$50.00"
            },
            "id": 23,
            "lastModified": "03/16/2017",
            "companyName": "Bandai",
            "installBase": "3500000",
            "originalPrice": "59",
            "releasedate": "03/01/1999",
            "title": "WonderSwan"
        },
        {
            "addeddate": "03/19/2017",
            "gbId": "3045-39",
            "title": "Amiga CD32",
            "companyName": "Commodore",
            "releasedate": "09/17/1993",
            "installBase": "100000",
            "originalPrice": "250.00",
            "ebayPrice": 250,
            "id": 24
        }
    ]
}