{
    "games": [
        {
            "title": "A Boy and His Blob",
            "price": 12,
            "platform": "NES",
            "id": 1
        },
        {
            "title": "Baseball Stars",
            "price": 11,
            "platform": "NES",
            "id": 2
        },
        {
            "title": "Baseball Stars 2",
            "price": 18,
            "platform": "NES",
            "id": 3
        },
        {
            "title": "Batman",
            "price": 8,
            "platform": "NES",
            "id": 4
        },
        {
            "title": "Blaster Master",
            "price": 10,
            "platform": "NES",
            "id": 5
        },
        {
            "title": "Castlevania ",
            "price": 19,
            "platform": "NES",
            "id": 6
        },
        {
            "title": "Castlevania  2",
            "price": 9,
            "platform": "NES",
            "id": 7
        },
        {
            "title": "Contra",
            "price": 32,
            "platform": "NES",
            "id": 8
        },
        {
            "title": "Double Dragon",
            "price": 10,
            "platform": "NES",
            "id": 9
        },
        {
            "title": "Double Dragon 2",
            "price": 11,
            "platform": "NES",
            "id": 10
        },
        {
            "title": "Excitebike",
            "price": 8,
            "platform": "NES",
            "id": 11
        },
        {
            "title": "Final Fantasy",
            "price": 16,
            "platform": "NES",
            "id": 12
        },
        {
            "title": "Ghosts and Goblins",
            "price": 13,
            "platform": "NES",
            "id": 13
        },
        {
            "title": "Gradius",
            "price": 11,
            "platform": "NES",
            "id": 14
        },
        {
            "title": "Kid Icarus",
            "price": 18,
            "platform": "NES",
            "id": 15
        },
        {
            "title": "Kung Fu",
            "price": 6,
            "platform": "NES",
            "id": 16
        },
        {
            "title": "Lifeforce",
            "price": 12,
            "platform": "NES",
            "id": 17
        },
        {
            "title": "Mario 2",
            "price": 16,
            "platform": "NES",
            "id": 18
        },
        {
            "title": "Mega Man (all)",
            "price": "",
            "platform": "NES",
            "id": 19
        },
        {
            "title": "Metroid",
            "price": 18,
            "platform": "NES",
            "id": 20
        },
        {
            "title": "Mike Tyson's Punch Out",
            "price": 25,
            "platform": "NES",
            "id": 21
        },
        {
            "title": "Ninja Gaiden",
            "price": 11,
            "platform": "NES",
            "id": 22
        },
        {
            "title": "Ninja Gaiden 2",
            "price": 10,
            "platform": "NES",
            "id": 23
        },
        {
            "title": "RC Pro Am",
            "price": 6,
            "platform": "NES",
            "id": 24
        },
        {
            "title": "RC Pro AM 2",
            "price": 74,
            "platform": "NES",
            "id": 25
        },
        {
            "title": "Space Shuttle",
            "price": 16,
            "platform": "NES",
            "id": 26
        },
        {
            "title": "Super C",
            "price": 17,
            "platform": "NES",
            "id": 27
        },
        {
            "title": "Tecmo Super Bowl",
            "price": 26,
            "platform": "NES",
            "id": 28
        },
        {
            "title": "Zelda",
            "price": 20,
            "platform": "NES",
            "id": 29
        },
        {
            "title": "Zelda II: The Adventure of Link",
            "price": 15,
            "platform": "NES",
            "id": 30
        },
        {
            "title": "Aladdin",
            "price": 9,
            "platform": "Genesis",
            "id": 31
        },
        {
            "title": "Altered Beast",
            "price": 9,
            "platform": "Genesis",
            "id": 32
        },
        {
            "title": "Blades of Vengence",
            "price": 40,
            "platform": "Genesis",
            "id": 33
        },
        {
            "title": "Castlevania: Bloodlines",
            "price": 50,
            "platform": "Genesis",
            "id": 34
        },
        {
            "title": "Ghouls 'n Ghosts",
            "price": 23.5,
            "platform": "Genesis",
            "id": 35
        },
        {
            "title": "Golden Axe",
            "price": 11.5,
            "platform": "Genesis",
            "id": 36
        },
        {
            "title": "Mazin Saga Mutant Fighter",
            "price": 28,
            "platform": "Genesis",
            "id": 37
        },
        {
            "title": "Michael Jackson’s Moonwalker",
            "price": 40,
            "platform": "Genesis",
            "id": 38
        },
        {
            "title": "Mortal Kombat II",
            "price": 8,
            "platform": "Genesis",
            "id": 39
        },
        {
            "title": "NBA Jam TE",
            "price": 7,
            "platform": "Genesis",
            "id": 40
        },
        {
            "title": "Revenge of Shinobi",
            "price": 12,
            "platform": "Genesis",
            "id": 41
        },
        {
            "title": "Sonic 3D Blast",
            "price": 6,
            "platform": "Genesis",
            "id": 42
        },
        {
            "title": "Sonic Spinball",
            "price": 5,
            "platform": "Genesis",
            "id": 43
        },
        {
            "title": "Sonic the Hedgehog",
            "price": 7,
            "platform": "Genesis",
            "id": 44
        },
        {
            "title": "Sonic the Hedgehog 3",
            "price": 10,
            "platform": "Genesis",
            "id": 45
        },
        {
            "title": "Streets of Rage",
            "price": 15,
            "platform": "Genesis",
            "id": 46
        },
        {
            "title": "Streets of Rage 2",
            "price": 15,
            "platform": "Genesis",
            "id": 47
        },
        {
            "title": "Streets of Rage 3",
            "price": 36,
            "platform": "Genesis",
            "id": 48
        },
        {
            "title": "Super Baseball 2020",
            "price": 7,
            "platform": "Genesis",
            "id": 49
        },
        {
            "title": "Super Street Fighter 2",
            "price": 11,
            "platform": "Genesis",
            "id": 50
        },
        {
            "title": "Toejam and Earl",
            "price": 13,
            "platform": "Genesis",
            "id": 51
        },
        {
            "title": "Banjo Kazooie",
            "price": 17,
            "platform": "N64",
            "id": 52
        },
        {
            "title": "Blast Corps",
            "price": 7,
            "platform": "N64",
            "id": 53
        },
        {
            "title": "Castlevania",
            "price": 10,
            "platform": "N64",
            "id": 54
        },
        {
            "title": "Conker’s Bad Fur Day",
            "price": 80,
            "platform": "N64",
            "id": 55
        },
        {
            "title": "Diddy Kong Racing",
            "price": 13,
            "platform": "N64",
            "id": 56
        },
        {
            "title": "Diddy Kong Racing 2",
            "price": 10,
            "platform": "N64",
            "id": 57
        },
        {
            "title": "Duke Nukem: Zero Hour",
            "price": 10,
            "platform": "N64",
            "id": 58
        },
        {
            "title": "Excitebike 64",
            "price": 8,
            "platform": "N64",
            "id": 59
        },
        {
            "title": "Extreme G",
            "price": 6,
            "platform": "N64",
            "id": 60
        },
        {
            "title": "F-Zero X",
            "price": 13,
            "platform": "N64",
            "id": 61
        },
        {
            "title": "Kirby 64",
            "price": 18,
            "platform": "N64",
            "id": 62
        },
        {
            "title": "Mario 64",
            "price": 24,
            "platform": "N64",
            "id": 63
        },
        {
            "title": "Mario Golf",
            "price": 13,
            "platform": "N64",
            "id": 64
        },
        {
            "title": "Mario Kart 64",
            "price": 37,
            "platform": "N64",
            "id": 65
        },
        {
            "title": "Mario Party",
            "price": 37,
            "platform": "N64",
            "id": 66
        },
        {
            "title": "Micro Machines 64",
            "price": 10,
            "platform": "N64",
            "id": 67
        },
        {
            "title": "Mortal Kombat 4",
            "price": 14,
            "platform": "N64",
            "id": 68
        },
        {
            "title": "Rogue Squadron",
            "price": 8,
            "platform": "N64",
            "id": 69
        },
        {
            "title": "Star Fox 64",
            "price": 11,
            "platform": "N64",
            "id": 70
        },
        {
            "title": "Star Wars Episode 1 Racer",
            "price": 5,
            "platform": "N64",
            "id": 71
        },
        {
            "title": "Super Smash Bros",
            "price": 46,
            "platform": "N64",
            "id": 72
        },
        {
            "title": "The World is not Enough",
            "price": 7,
            "platform": "N64",
            "id": 73
        },
        {
            "title": "Yoshi's Story",
            "price": 16,
            "platform": "N64",
            "id": 74
        },
        {
            "title": "Zelda: Majora's Mask",
            "price": 32,
            "platform": "N64",
            "id": 75
        },
        {
            "title": "Chu Chu Rocket",
            "price": 8,
            "platform": "Dreamcast",
            "id": 76
        },
        {
            "title": "Crazy Taxi 2",
            "price": 11,
            "platform": "Dreamcast",
            "id": 77
        },
        {
            "title": "Ecco the Dolphin: Defender of the Future",
            "price": 8,
            "platform": "Dreamcast",
            "id": 78
        },
        {
            "title": "Jet Grind Radio",
            "price": 16,
            "platform": "Dreamcast",
            "id": 79
        },
        {
            "title": "Marvel vs Capcom 2",
            "price": 46,
            "platform": "Dreamcast",
            "id": 80
        },
        {
            "title": "Power Stone 2",
            "price": 72,
            "platform": "Dreamcast",
            "id": 81
        },
        {
            "title": "Re-Volt",
            "price": 13,
            "platform": "Dreamcast",
            "id": 82
        },
        {
            "title": "Ready 2 Rumble Boxing",
            "price": 6,
            "platform": "Dreamcast",
            "id": 83
        },
        {
            "title": "Shenmue",
            "price": 29,
            "platform": "Dreamcast",
            "id": 84
        },
        {
            "title": "Sonic Adventure 2",
            "price": 25,
            "platform": "Dreamcast",
            "id": 85
        },
        {
            "title": "Soul Calibur",
            "price": 12,
            "platform": "Dreamcast",
            "id": 86
        },
        {
            "title": "Street Fighter 3: Double Impact",
            "price": 31,
            "platform": "Dreamcast",
            "id": 87
        },
        {
            "title": "Toy Commander",
            "price": 8,
            "platform": "Dreamcast",
            "id": 88
        },
        {
            "title": "Worms World Party",
            "price": 16,
            "platform": "Dreamcast",
            "id": 89
        },
        {
            "title": "Donkey Kong: Jungle Beat",
            "price": 11,
            "platform": "Gamecube",
            "id": 90
        },
        {
            "title": "Eternal Darkness: Sanity's Requiem",
            "price": 39,
            "platform": "Gamecube",
            "id": 91
        },
        {
            "title": "Luigi's Mansion",
            "price": 27,
            "platform": "Gamecube",
            "id": 92
        },
        {
            "title": "Mario Party 4",
            "price": 27,
            "platform": "Gamecube",
            "id": 93
        },
        {
            "title": "Mario Party 5",
            "price": 36,
            "platform": "Gamecube",
            "id": 94
        },
        {
            "title": "Mario Power Tennis",
            "price": 12.5,
            "platform": "Gamecube",
            "id": 95
        },
        {
            "title": "Metroid Prime 2: Echoes",
            "price": 15,
            "platform": "Gamecube",
            "id": 96
        },
        {
            "title": "Sonic Adventure 2 DX",
            "price": 21,
            "platform": "Gamecube",
            "id": 97
        },
        {
            "title": "Soul Calibur 2",
            "price": 15,
            "platform": "Gamecube",
            "id": 98
        },
        {
            "title": "Star Fox: Assault",
            "price": 24,
            "platform": "Gamecube",
            "id": 99
        },
        {
            "title": "Star Wars Rogue Squadron 2",
            "price": 11,
            "platform": "Gamecube",
            "id": 100
        },
        {
            "title": "Super Mario Strikers",
            "price": 30,
            "platform": "Gamecube",
            "id": 101
        },
        {
            "title": "Super Monkey Ball",
            "price": 13,
            "platform": "Gamecube",
            "id": 102
        },
        {
            "title": "Super Smash Bros Melee",
            "price": 49,
            "platform": "Gamecube",
            "id": 103
        },
        {
            "title": "Time Splitters 2",
            "price": 15.5,
            "platform": "Gamecube",
            "id": 104
        },
        {
            "title": "Viewtiful Joe",
            "price": 11,
            "platform": "Gamecube",
            "id": 105
        },
        {
            "title": "Viewtiful Joe 2",
            "price": 11,
            "platform": "Gamecube",
            "id": 106
        },
        {
            "title": "Zelda Twilight Princess",
            "price": 42,
            "platform": "Gamecube",
            "id": 107
        },
        {
            "title": "007 Nightfire",
            "price": 6,
            "platform": "Playstation 2",
            "id": 108
        },
        {
            "title": "Bully",
            "price": 11,
            "platform": "Playstation 2",
            "id": 109
        },
        {
            "title": "Devil May Cry 2",
            "price": 6,
            "platform": "Playstation 2",
            "id": 110
        },
        {
            "title": "Devil May Cry 3",
            "price": 5.25,
            "platform": "Playstation 2",
            "id": 111
        },
        {
            "title": "Final Fantasy X",
            "price": 9,
            "platform": "Playstation 2",
            "id": 112
        },
        {
            "title": "Final Fantasy XII",
            "price": 7,
            "platform": "Playstation 2",
            "id": 113
        },
        {
            "title": "Frequency",
            "price": 6,
            "platform": "Playstation 2",
            "id": 114
        },
        {
            "title": "God of War 2",
            "price": 7,
            "platform": "Playstation 2",
            "id": 115
        },
        {
            "title": "Gran Turismo 4",
            "price": 6,
            "platform": "Playstation 2",
            "id": 116
        },
        {
            "title": "Grand Theft Auto III",
            "price": 4,
            "platform": "Playstation 2",
            "id": 117
        },
        {
            "title": "Grand Theft Auto Vice City",
            "price": 4,
            "platform": "Playstation 2",
            "id": 118
        },
        {
            "title": "Guitaroo-Man",
            "price": 17,
            "platform": "Playstation 2",
            "id": 119
        },
        {
            "title": "Half Life",
            "price": 16,
            "platform": "Playstation 2",
            "id": 120
        },
        {
            "title": "Katamari Damacy",
            "price": 13,
            "platform": "Playstation 2",
            "id": 121
        },
        {
            "title": "Manhunt",
            "price": 10,
            "platform": "Playstation 2",
            "id": 122
        },
        {
            "title": "Manhunt 2",
            "price": 15,
            "platform": "Playstation 2",
            "id": 123
        },
        {
            "title": "Ratchet and Clank: Up Your Arsenal",
            "price": 10,
            "platform": "Playstation 2",
            "id": 124
        },
        {
            "title": "Shadow of the Colossus",
            "price": 15,
            "platform": "Playstation 2",
            "id": 125
        },
        {
            "title": "Star Wars: Battlefront 1",
            "price": 10.5,
            "platform": "Playstation 2",
            "id": 126
        },
        {
            "title": "Star Wars: Battlefront 2",
            "price": 13,
            "platform": "Playstation 2",
            "id": 127
        },
        {
            "title": "Star Wars: Jedi Starfighter",
            "price": 5,
            "platform": "Playstation 2",
            "id": 128
        },
        {
            "title": "Tekken Tag Tournament",
            "price": 5,
            "platform": "Playstation 2",
            "id": 129
        },
        {
            "title": "The Warriors",
            "price": 22,
            "platform": "Playstation 2",
            "id": 130
        },
        {
            "title": "Time Splitters: Future Perfect",
            "price": 23,
            "platform": "Playstation 2",
            "id": 131
        },
        {
            "title": "Tony Hawk Pro Skater 3",
            "price": 5.3,
            "platform": "Playstation 2",
            "id": 132
        },
        {
            "title": "Unreal Tournament",
            "price": 6,
            "platform": "Playstation 2",
            "id": 133
        },
        {
            "title": "Assassin's Creed Brotherhood",
            "price": 5,
            "platform": "Playstation 3",
            "id": 134
        },
        {
            "title": "Assassin's Creed IV",
            "price": 6,
            "platform": "Playstation 3",
            "id": 135
        },
        {
            "title": "Assassin's Creed Revelations",
            "price": 5,
            "platform": "Playstation 3",
            "id": 136
        },
        {
            "title": "Assassins Creed",
            "price": 5,
            "platform": "Playstation 3",
            "id": 137
        },
        {
            "title": "Assassins Creed III",
            "price": 5,
            "platform": "Playstation 3",
            "id": 138
        },
        {
            "title": "Battlefield (all)",
            "price": "",
            "platform": "Playstation 3",
            "id": 139
        },
        {
            "title": "Borderlands 2",
            "price": 5,
            "platform": "Playstation 3",
            "id": 140
        },
        {
            "title": "Gran Turismo 6",
            "price": 11,
            "platform": "Playstation 3",
            "id": 141
        },
        {
            "title": "Grand Theft Auto 4",
            "price": 6,
            "platform": "Playstation 3",
            "id": 142
        },
        {
            "title": "Killzone",
            "price": 6,
            "platform": "Playstation 3",
            "id": 143
        },
        {
            "title": "Killzone 2",
            "price": 5,
            "platform": "Playstation 3",
            "id": 144
        },
        {
            "title": "Killzone 3",
            "price": 5,
            "platform": "Playstation 3",
            "id": 145
        },
        {
            "title": "Little Big Planet 2",
            "price": 9,
            "platform": "Playstation 3",
            "id": 146
        },
        {
            "title": "ModNation Racers",
            "price": 8,
            "platform": "Playstation 3",
            "id": 147
        },
        {
            "title": "Portal 2",
            "price": 12,
            "platform": "Playstation 3",
            "id": 148
        },
        {
            "title": "Red Dead Redemption",
            "price": 8,
            "platform": "Playstation 3",
            "id": 149
        },
        {
            "title": "Resident Evil 5",
            "price": 7,
            "platform": "Playstation 3",
            "id": 150
        },
        {
            "title": "Sonic Generations",
            "price": 13,
            "platform": "Playstation 3",
            "id": 151
        },
        {
            "title": "Uncharted",
            "price": 6,
            "platform": "Playstation 3",
            "id": 152
        },
        {
            "title": "Uncharted 2",
            "price": 4,
            "platform": "Playstation 3",
            "id": 153
        },
        {
            "title": "Uncharted 3",
            "price": 5,
            "platform": "Playstation 3",
            "id": 154
        },
        {
            "title": "Uncharted 4",
            "price": 35,
            "platform": "Playstation 3",
            "id": 155
        },
        {
            "title": "Warhawk",
            "price": 5,
            "platform": "Playstation 3",
            "id": 156
        },
        {
            "title": "ExciteBots",
            "price": 8,
            "platform": "Wii",
            "id": 157
        },
        {
            "title": "Mario and Sonic London 2012 Olympics",
            "price": 8,
            "platform": "Wii",
            "id": 158
        },
        {
            "title": "Mario and Sonic Olympic Winter games",
            "price": 9,
            "platform": "Wii",
            "id": 159
        },
        {
            "title": "New Super Mario Bros Wii",
            "price": 13.5,
            "platform": "Wii",
            "id": 160
        },
        {
            "title": "Resident Evil 4",
            "price": 6,
            "platform": "Wii",
            "id": 161
        },
        {
            "title": "Sega Superstar Tennis",
            "price": 4,
            "platform": "Wii",
            "id": 162
        },
        {
            "title": "Tiger Woods PGA Tour 10",
            "price": 6,
            "platform": "Wii",
            "id": 163
        },
        {
            "title": "Wacky Races: Crash & Dash",
            "price": 9,
            "platform": "Wii",
            "id": 164
        },
        {
            "title": "Warioware: Smooth Moves",
            "price": 14,
            "platform": "Wii",
            "id": 165
        },
        {
            "title": "Wii Party",
            "price": 20,
            "platform": "Wii",
            "id": 166
        },
        {
            "title": "Wii Play",
            "price": 5,
            "platform": "Wii",
            "id": 167
        },
        {
            "title": "Xenoblade Chronicles",
            "price": 40,
            "platform": "Wii",
            "id": 168
        },
        {
            "title": "Zelda: Skyward Sword",
            "price": 30,
            "platform": "Wii",
            "id": 169
        },
        {
            "title": "Bayonetta 2",
            "price": 50,
            "platform": "Wii U",
            "id": 170
        },
        {
            "title": "Hyrule Warriors",
            "price": 38,
            "platform": "Wii U",
            "id": 171
        },
        {
            "title": "Lego Star Wars: The Force Awakens",
            "price": 30,
            "platform": "Wii U",
            "id": 172
        },
        {
            "title": "Mario & Sonic Rio 2016 Olympics",
            "price": "",
            "platform": "Wii U",
            "id": 173
        },
        {
            "title": "Mario Party 10",
            "price": 32,
            "platform": "Wii U",
            "id": 174
        },
        {
            "title": "Minecraft Wii U Edition",
            "price": 28,
            "platform": "Wii U",
            "id": 175
        },
        {
            "title": "New Super Luigi U",
            "price": 30,
            "platform": "Wii U",
            "id": 176
        },
        {
            "title": "New Super Mario Bros U",
            "price": 28,
            "platform": "Wii U",
            "id": 177
        },
        {
            "title": "Pikmin 3",
            "price": 22,
            "platform": "Wii U",
            "id": 178
        },
        {
            "title": "Sonic Lost World",
            "price": 22,
            "platform": "Wii U",
            "id": 179
        },
        {
            "title": "Splatoon",
            "price": 46,
            "platform": "Wii U",
            "id": 180
        },
        {
            "title": "Wii Sports Club",
            "price": 60,
            "platform": "Wii U",
            "id": 181
        },
        {
            "title": "Xenoblade Chronicles X",
            "price": 30,
            "platform": "Wii U",
            "id": 182
        },
        {
            "title": "Yoshi's Wooly World",
            "price": 27,
            "platform": "Wii U",
            "id": 183
        },
        {
            "title": "Zelda: Twilight Princess HD",
            "price": 37,
            "platform": "Wii U",
            "id": 184
        },
        {
            "title": "Zelda: Wind Waker HD",
            "price": 25,
            "platform": "Wii U",
            "id": 185
        },
        {
            "title": "ZombiU",
            "price": 9.5,
            "platform": "Wii U",
            "id": 186
        },
        {
            "title": "Battlefield 1",
            "price": 60,
            "platform": "Playstation 4",
            "id": 187
        },
        {
            "title": "Call of Duty: Black Ops 3",
            "price": 50,
            "platform": "Playstation 4",
            "id": 188
        },
        {
            "title": "Dark Souls 3",
            "price": 40,
            "platform": "Playstation 4",
            "id": 189
        },
        {
            "title": "Destiny",
            "price": 60,
            "platform": "Playstation 4",
            "id": 190
        },
        {
            "title": "Grand Theft Auto V",
            "price": 39,
            "platform": "Playstation 4",
            "id": 191
        },
        {
            "title": "Overwatch",
            "price": 60,
            "platform": "Playstation 4",
            "id": 192
        },
        {
            "title": "Pro Evolution Soccer 2017",
            "price": 40,
            "platform": "Playstation 4",
            "id": 193
        },
        {
            "title": "The Witcher 3",
            "price": 39,
            "platform": "Playstation 4",
            "id": 194
        },
        {
            "title": "Uncharted 4",
            "price": 40,
            "platform": "Playstation 4",
            "id": 195
        },
        {
            "title": "Final Fantasy 7: Crisis Core",
            "price": 10,
            "platform": "PSP",
            "id": 196
        },
        {
            "title": "Twisted Metal Head On",
            "price": 5.5,
            "platform": "PSP",
            "id": 197
        },
        {
            "title": "Pursuit Force",
            "price": 10,
            "platform": "PSP",
            "id": 198
        },
        {
            "title": "SOCOM Fireteam Bravo  1, 2, & 3",
            "price": 5,
            "platform": "PSP",
            "id": 199
        },
        {
            "title": "SOCOM Tactical Strike",
            "price": 4,
            "platform": "PSP",
            "id": 200
        },
        {
            "title": "Metal Gear Solid Portable Ops",
            "price": 12,
            "platform": "PSP",
            "id": 201
        },
        {
            "title": "Silent Hill: Shattered Memories",
            "price": 19,
            "platform": "PSP",
            "id": 202
        },
        {
            "title": "Hexyz Force",
            "price": 59,
            "platform": "PSP",
            "id": 203
        },
        {
            "title": "Daxter",
            "price": 7,
            "platform": "PSP",
            "id": 204
        },
        {
            "title": "Gradius Collection",
            "price": 31,
            "platform": "PSP",
            "id": 205
        },
        {
            "title": "Castlevania: Aria of Sorrow",
            "price": 35,
            "platform": "Gameboy Advance",
            "id": 206
        },
        {
            "title": "Final Fantasy 6 Advance",
            "price": 35,
            "platform": "Gameboy Advance",
            "id": 207
        },
        {
            "title": "Final Fantasy Tactics Advance",
            "price": 10,
            "platform": "Gameboy Advance",
            "id": 208
        },
        {
            "title": "Kirby & the Amazing Mirror",
            "price": 17,
            "platform": "Gameboy Advance",
            "id": 209
        },
        {
            "title": "Mario & Luigi: Superstar Saga",
            "price": 14,
            "platform": "Gameboy Advance",
            "id": 210
        },
        {
            "title": "Mario Golf: Advance Tour",
            "price": 15,
            "platform": "Gameboy Advance",
            "id": 211
        },
        {
            "title": "Mario Kart: Super Circuit",
            "price": 9,
            "platform": "Gameboy Advance",
            "id": 212
        },
        {
            "title": "Metroid Fusion",
            "price": 21,
            "platform": "Gameboy Advance",
            "id": 213
        },
        {
            "title": "Super Mario Advance 4",
            "price": 26,
            "platform": "Gameboy Advance",
            "id": 214
        },
        {
            "title": "Wario Land 4",
            "price": 10,
            "platform": "Gameboy Advance",
            "id": 215
        },
        {
            "title": "WarioWare Inc.",
            "price": 27,
            "platform": "Gameboy Advance",
            "id": 216
        },
        {
            "title": "After Burner",
            "price": 27,
            "platform": "32X",
            "id": 217
        },
        {
            "title": "Blackthorne",
            "price": 73,
            "platform": "32X",
            "id": 218
        },
        {
            "title": "Doom",
            "price": 8,
            "platform": "32X",
            "id": 219
        },
        {
            "title": "Knuckles Choatix",
            "price": 50,
            "platform": "32X",
            "id": 220
        },
        {
            "title": "Kolibri",
            "price": 50,
            "platform": "32X",
            "id": 221
        },
        {
            "title": "Mortal Kombat II",
            "price": 20,
            "platform": "32X",
            "id": 222
        },
        {
            "title": "NBA Jam Tournament Edition",
            "price": 21,
            "platform": "32X",
            "id": 223
        },
        {
            "title": "Shadow Squadron",
            "price": 16,
            "platform": "32X",
            "id": 224
        },
        {
            "title": "Star Wars Arcade",
            "price": 8,
            "platform": "32X",
            "id": 225
        },
        {
            "title": "Virtua Fighter",
            "price": 9,
            "platform": "32X",
            "id": 226
        }
    ]
}