{
    "games": [
        {
            "title": "A Boy and His Blob",
            "price": 12,
            "platform": "NES",
            "id": 1,
            "genre": "Action, Adventure, Puzzle, Platformer",
            "rating": "JOEY: E",
            "releasedate": "10/16/1989",
            "addeddate": "01/01/1900",
            "gbId": "3030-20314"
        },
        {
            "title": "Baseball Stars",
            "price": 11,
            "platform": "NES",
            "id": 2,
            "genre": "Sports, Baseball",
            "rating": "JOEY: E",
            "releasedate": "05/19/1989",
            "addeddate": "01/01/1900",
            "gbId": "3030-5811"
        },
        {
            "title": "Baseball Stars 2",
            "price": 18,
            "platform": "NES",
            "id": 3,
            "genre": "Sports, Baseball",
            "rating": "ESRB: E",
            "releasedate": "04/28/1992",
            "addeddate": "01/01/1900",
            "gbId": "3030-5577"
        },
        {
            "title": "Batman",
            "price": 8,
            "platform": "NES",
            "id": 4,
            "genre": "Action",
            "rating": "JOEY: E",
            "releasedate": "12/02/1989",
            "addeddate": "01/01/1900",
            "gbId": "3030-21264"
        },
        {
            "title": "Blaster Master",
            "price": 10,
            "platform": "NES",
            "id": 5,
            "genre": "Action, Shooter, Platformer",
            "rating": "ESRB: E",
            "releasedate": "06/17/1988",
            "addeddate": "01/01/1900",
            "gbId": "3030-1257"
        },
        {
            "title": "Castlevania ",
            "price": 19,
            "platform": "NES",
            "id": 6,
            "genre": "Action, Platformer",
            "rating": "ESRB: E",
            "releasedate": "09/26/1986",
            "addeddate": "01/01/1900",
            "gbId": "3030-6673"
        },
        {
            "title": "Castlevania  2",
            "price": 9,
            "platform": "NES",
            "id": 7,
            "genre": "Action, Adventure, Platformer",
            "rating": "ESRB: E",
            "releasedate": "08/28/1987",
            "addeddate": "01/01/1900",
            "gbId": "3030-11820"
        },
        {
            "title": "Contra",
            "price": 32,
            "platform": "NES",
            "id": 8,
            "genre": "Action, Shooter",
            "rating": "ESRB: E10+",
            "releasedate": "02/20/1987",
            "addeddate": "01/01/1900",
            "gbId": "3030-4350"
        },
        {
            "title": "Double Dragon",
            "price": 10,
            "platform": "NES",
            "id": 9,
            "genre": "Fighting, Brawler",
            "rating": "ESRB: E",
            "releasedate": "06/01/1987",
            "addeddate": "01/01/1900",
            "gbId": "3030-20752"
        },
        {
            "title": "Double Dragon 2",
            "price": 11,
            "platform": "NES",
            "id": 10,
            "genre": "Fighting, Brawler",
            "rating": "ESRB: E10+",
            "releasedate": "12/01/1988",
            "addeddate": "01/01/1900",
            "gbId": "3030-4816"
        },
        {
            "title": "Excitebike",
            "price": 8,
            "platform": "NES",
            "id": 11,
            "genre": "Sports, Racing",
            "rating": "ESRB: E",
            "releasedate": "11/30/1984",
            "addeddate": "01/01/1900",
            "gbId": "3030-15025"
        },
        {
            "title": "Final Fantasy",
            "price": 16,
            "platform": "NES",
            "id": 12,
            "genre": "RPG",
            "rating": "ESRB: E",
            "releasedate": "12/18/1987",
            "addeddate": "01/01/1900",
            "gbId": "3030-8403"
        },
        {
            "title": "Ghosts n Goblins",
            "price": 13,
            "platform": "NES",
            "id": 13,
            "genre": "Action",
            "rating": "ESRB: E",
            "releasedate": "09/19/1985",
            "addeddate": "01/01/1900",
            "gbId": "3030-17031"
        },
        {
            "title": "Gradius",
            "price": 11,
            "platform": "NES",
            "id": 14,
            "genre": "SHMUP",
            "rating": "ESRB: E",
            "releasedate": "05/29/1985",
            "addeddate": "01/01/1900",
            "gbId": "3030-15508"
        },
        {
            "title": "Kid Icarus",
            "price": 18,
            "platform": "NES",
            "id": 15,
            "genre": "Action, Platformer",
            "rating": "ESRB: E",
            "releasedate": "12/19/1986",
            "addeddate": "01/01/1900",
            "gbId": "3030-15154"
        },
        {
            "title": "Kung Fu",
            "price": 6,
            "platform": "NES",
            "id": 16,
            "genre": "Action, Brawler",
            "rating": "JOEY: E",
            "releasedate": "12/01/1984",
            "addeddate": "01/01/1900",
            "gbId": "3030-5996"
        },
        {
            "title": "Life Force",
            "price": 12,
            "platform": "NES",
            "id": 17,
            "genre": "SHMUP",
            "rating": "ESRB: E",
            "releasedate": "12/25/1987",
            "addeddate": "01/01/1900",
            "gbId": "3030-13960"
        },
        {
            "title": "Super Mario Bros 2",
            "price": 16,
            "platform": "NES",
            "id": 18,
            "genre": "Platformer",
            "rating": "ESRB: E",
            "releasedate": "10/01/1988",
            "addeddate": "01/01/1900",
            "gbId": "3030-7406"
        },
        {
            "title": "Mega Man",
            "price": "56",
            "platform": "NES",
            "id": 19,
            "genre": "Action, Platformer",
            "rating": "ESRB: E",
            "releasedate": "12/17/1987",
            "addeddate": "01/01/1900",
            "gbId": "3030-5251"
        },
        {
            "title": "Metroid",
            "price": 18,
            "platform": "NES",
            "id": 20,
            "genre": "Action, Adventure",
            "rating": "ESRB: E",
            "releasedate": "08/06/1986",
            "addeddate": "01/01/1900",
            "gbId": "3030-21761"
        },
        {
            "title": "Mike Tyson's Punch Out",
            "price": 25,
            "platform": "NES",
            "id": 21,
            "genre": "Sports, Boxing",
            "rating": "ESRB: E10+",
            "releasedate": "09/18/1987",
            "addeddate": "01/01/1900",
            "gbId": "3030-4848"
        },
        {
            "title": "Ninja Gaiden",
            "price": 11,
            "platform": "NES",
            "id": 22,
            "genre": "Action, Platformer",
            "rating": "JOEY: E10+",
            "releasedate": "12/09/1988",
            "addeddate": "01/01/1900",
            "gbId": "3030-1653"
        },
        {
            "title": "Ninja Gaiden 2",
            "price": 10,
            "platform": "NES",
            "id": 23,
            "genre": "Action, Platformer",
            "rating": "ESRB: E",
            "releasedate": "04/06/1990",
            "addeddate": "01/01/1900",
            "gbId": "3030-14416"
        },
        {
            "title": "RC Pro Am",
            "price": 6,
            "platform": "NES",
            "id": 24,
            "genre": "Driving, Racing",
            "rating": "JOEY: E",
            "releasedate": "02/01/1988",
            "addeddate": "01/01/1900",
            "gbId": "3030-1374"
        },
        {
            "title": "RC Pro AM 2",
            "price": 74,
            "platform": "NES",
            "id": 25,
            "genre": "Driving, Racing",
            "rating": "JOEY: E",
            "releasedate": "12/01/1992",
            "addeddate": "01/01/1900",
            "gbId": "3030-1316"
        },
        {
            "title": "Space Shuttle Project",
            "price": 16,
            "platform": "NES",
            "id": 26,
            "genre": "Simulation",
            "rating": "JOEY: E",
            "releasedate": "10/01/1991",
            "addeddate": "01/01/1900",
            "gbId": "3030-22831"
        },
        {
            "title": "Super C",
            "price": 17,
            "platform": "NES",
            "id": 27,
            "genre": "Action, Shooter",
            "rating": "ESRB: E",
            "releasedate": "02/02/1990",
            "addeddate": "01/01/1900",
            "gbId": "3030-10077"
        },
        {
            "title": "Tecmo Super Bowl",
            "price": 26,
            "platform": "NES",
            "id": 28,
            "genre": "Sports, Football",
            "rating": "JOEY: E",
            "releasedate": "11/01/1993",
            "addeddate": "01/01/1900",
            "gbId": "3030-31196"
        },
        {
            "title": "The Legend of Zelda",
            "price": 20,
            "platform": "NES",
            "id": 29,
            "genre": "Action, Adventure",
            "rating": "ESRB: E",
            "releasedate": "02/21/1986",
            "addeddate": "01/01/1900",
            "gbId": "3030-11949"
        },
        {
            "title": "Zelda II: The Adventure of Link",
            "price": 15,
            "platform": "NES",
            "id": 30,
            "genre": "RPG, Action, Adventure",
            "rating": "ESRB: E",
            "releasedate": "01/14/1987",
            "addeddate": "01/01/1900",
            "gbId": "3030-16241"
        },
        {
            "title": "Aladdin",
            "price": 9,
            "platform": "Genesis",
            "id": 31,
            "genre": "Action, Adventure, Platformer",
            "rating": "ESRB: E",
            "releasedate": "11/11/1993",
            "addeddate": "01/01/1900",
            "gbId": "3030-19944"
        },
        {
            "title": "Altered Beast",
            "price": 9,
            "platform": "Genesis",
            "id": 32,
            "genre": "Action, Brawler, Platformer",
            "rating": "ESRB: E10+",
            "releasedate": "11/27/1988",
            "addeddate": "01/01/1900",
            "gbId": "3030-2536"
        },
        {
            "title": "Castlevania: Bloodlines",
            "price": 50,
            "platform": "Genesis",
            "id": 34,
            "genre": "Action, Adventure, Platformer",
            "rating": "JOEY: E10+",
            "releasedate": "03/17/1994",
            "addeddate": "01/01/1900",
            "gbId": "3030-945"
        },
        {
            "title": "Ghouls 'n Ghosts",
            "price": 23.5,
            "platform": "Genesis",
            "id": 35,
            "genre": "Action, Platformer",
            "rating": "ESRB: E",
            "releasedate": "08/03/1989",
            "addeddate": "01/01/1900",
            "gbId": "3030-12381"
        },
        {
            "title": "Golden Axe",
            "price": 11.5,
            "platform": "Genesis",
            "id": 36,
            "genre": "Brawler",
            "rating": "ESRB: T",
            "releasedate": "05/01/1989",
            "addeddate": "01/01/1900",
            "gbId": "3030-14351"
        },
        {
            "title": "Mazin Saga Mutant Fighter",
            "price": 28,
            "platform": "Genesis",
            "id": 37,
            "genre": "Brawler",
            "rating": "JOEY: E10+",
            "releasedate": "02/25/1993",
            "addeddate": "01/01/1900",
            "gbId": "3030-26959"
        },
        {
            "title": "Michael Jackson’s Moonwalker",
            "price": 40,
            "platform": "Genesis",
            "id": 38,
            "genre": "Action, Music, Brawler",
            "rating": "JOEY: E",
            "releasedate": "08/24/1990",
            "addeddate": "01/01/1900",
            "gbId": "3030-21182"
        },
        {
            "title": "Mortal Kombat II",
            "price": 8,
            "platform": "Genesis",
            "id": 39,
            "genre": "Fighting",
            "rating": "ESRB: M",
            "releasedate": "06/25/1993",
            "addeddate": "01/01/1900",
            "gbId": "3030-3571"
        },
        {
            "title": "NBA Jam Tournament Edition",
            "price": 7,
            "platform": "Genesis",
            "id": 40,
            "genre": "Sports, Basketball",
            "rating": "ESRB: K-A",
            "releasedate": "02/23/1995",
            "addeddate": "01/01/1900",
            "gbId": "3030-14792"
        },
        {
            "title": "Revenge of Shinobi",
            "price": 12,
            "platform": "Genesis",
            "id": 41,
            "genre": "Action, Brawler",
            "rating": "ESRB: E10+",
            "releasedate": "12/02/1989",
            "addeddate": "01/01/1900",
            "gbId": "3030-236"
        },
        {
            "title": "Sonic 3D Blast",
            "price": 6,
            "platform": "Genesis",
            "id": 42,
            "genre": "Action",
            "rating": "ESRB: E10+",
            "releasedate": "11/01/1996",
            "addeddate": "01/01/1900",
            "gbId": "3030-6782"
        },
        {
            "title": "Sonic Spinball",
            "price": 5,
            "platform": "Genesis",
            "id": 43,
            "genre": "Action, Pinball, Platformer",
            "rating": "ESRB: E",
            "releasedate": "11/15/1993",
            "addeddate": "01/01/1900",
            "gbId": "3030-18592"
        },
        {
            "title": "Sonic the Hedgehog",
            "price": 7,
            "platform": "Genesis",
            "id": 44,
            "genre": "Platformer",
            "rating": "ESRB: K-A",
            "releasedate": "06/21/1991",
            "addeddate": "01/01/1900",
            "gbId": "3030-2465"
        },
        {
            "title": "Sonic the Hedgehog 3",
            "price": 10,
            "platform": "Genesis",
            "id": 45,
            "genre": "Action, Platformer",
            "rating": "ESRB: K-A",
            "releasedate": "02/02/1994",
            "addeddate": "01/01/1900",
            "gbId": "3030-4628"
        },
        {
            "title": "Streets of Rage",
            "price": 15,
            "platform": "Genesis",
            "id": 46,
            "genre": "Brawler",
            "rating": "ESRB: E10+",
            "releasedate": "08/02/1991",
            "addeddate": "01/01/1900",
            "gbId": "3030-20436"
        },
        {
            "title": "Streets of Rage 2",
            "price": 15,
            "platform": "Genesis",
            "id": 47,
            "genre": "Brawler",
            "rating": "ESRB: E",
            "releasedate": "12/20/1992",
            "addeddate": "01/01/1900",
            "gbId": "3030-18122"
        },
        {
            "title": "Streets of Rage 3",
            "price": 36,
            "platform": "Genesis",
            "id": 48,
            "genre": "Brawler",
            "rating": "ESRB: E10+",
            "releasedate": "12/21/1994",
            "addeddate": "01/01/1900",
            "gbId": "3030-15924"
        },
        {
            "title": "Super Baseball 2020",
            "price": 7,
            "platform": "Genesis",
            "id": 49,
            "genre": "Sports, Baseball",
            "rating": "ESRB: E",
            "releasedate": "09/20/1991",
            "addeddate": "01/01/1900",
            "gbId": "3030-5259"
        },
        {
            "title": "Super Street Fighter 2",
            "price": 11,
            "platform": "Genesis",
            "id": 50,
            "genre": "Fighting",
            "rating": "JOEY: E10+",
            "releasedate": "06/25/1994",
            "addeddate": "01/01/1900",
            "gbId": "3030-6665"
        },
        {
            "title": "Toejam and Earl Panic in Funkotron",
            "price": 13,
            "platform": "Genesis",
            "id": 51,
            "genre": "Action, Platformer",
            "rating": "ESRB: E",
            "releasedate": "04/01/1993",
            "addeddate": "01/01/1900",
            "gbId": "3030-16795"
        },
        {
            "title": "Banjo Kazooie",
            "price": 17,
            "platform": "N64",
            "id": 52,
            "genre": "Action, Adventure, Platformer",
            "rating": "ESRB: E",
            "releasedate": "06/29/1998",
            "addeddate": "01/01/1900",
            "gbId": "3030-10920"
        },
        {
            "title": "Blast Corps",
            "price": 7,
            "platform": "N64",
            "id": 53,
            "genre": "Driving, Action, Puzzle",
            "rating": "ESRB: K-A",
            "releasedate": "02/28/1997",
            "addeddate": "01/01/1900",
            "gbId": "3030-13245"
        },
        {
            "title": "Castlevania",
            "price": 10,
            "platform": "N64",
            "id": 54,
            "genre": "Action, Driving, Puzzle",
            "rating": "ESRB: K-A",
            "releasedate": "02/28/1997",
            "addeddate": "01/01/1900",
            "gbId": "3030-13245"
        },
        {
            "title": "Conker’s Bad Fur Day",
            "price": 80,
            "platform": "N64",
            "id": 55,
            "genre": "Action, Adventure, Platformer",
            "rating": "ESRB: M",
            "releasedate": "03/04/2001",
            "addeddate": "01/01/1900",
            "gbId": "3030-10533"
        },
        {
            "title": "Diddy Kong Racing",
            "price": 13,
            "platform": "N64",
            "id": 56,
            "genre": "Driving, Racing",
            "rating": "ESRB: E",
            "releasedate": "11/21/1997",
            "addeddate": "01/01/1900",
            "gbId": "3030-15990"
        },
        {
            "title": "Diddy Kong Racing 2",
            "price": 10,
            "platform": "N64",
            "id": 57,
            "genre": "Driving, Racing",
            "rating": "ESRB: E",
            "releasedate": "11/21/1997",
            "addeddate": "01/01/1900",
            "gbId": "3030-15990"
        },
        {
            "title": "Duke Nukem: Zero Hour",
            "price": 10,
            "platform": "N64",
            "id": 58,
            "genre": "Action, FPS",
            "rating": "ESRB: M",
            "releasedate": "08/01/1999",
            "addeddate": "01/01/1900",
            "gbId": "3030-2711"
        },
        {
            "title": "Excitebike 64",
            "price": 8,
            "platform": "N64",
            "id": 59,
            "genre": "Driving, Racing",
            "rating": "ESRB: E",
            "releasedate": "04/30/2000",
            "addeddate": "01/01/1900",
            "gbId": "3030-15429"
        },
        {
            "title": "Extreme G",
            "price": 6,
            "platform": "N64",
            "id": 60,
            "genre": "Driving, Racing",
            "rating": "ESRB: K-A",
            "releasedate": "10/25/1997",
            "addeddate": "01/01/1900",
            "gbId": "3030-2379"
        },
        {
            "title": "F-Zero X",
            "price": 13,
            "platform": "N64",
            "id": 61,
            "genre": "Driving, Racing",
            "rating": "ESRB: E",
            "releasedate": "07/14/1998",
            "addeddate": "01/01/1900",
            "gbId": "3030-18808"
        },
        {
            "title": "Kirby 64",
            "price": 18,
            "platform": "N64",
            "id": 62,
            "genre": "Action, Platformer",
            "rating": "ESRB: E",
            "releasedate": "03/24/2000",
            "addeddate": "01/01/1900",
            "gbId": "3030-17093"
        },
        {
            "title": "Mario 64",
            "price": 24,
            "platform": "N64",
            "id": 63,
            "genre": "Adventure, Platformer",
            "rating": "ESRB: E",
            "releasedate": "06/23/1996",
            "addeddate": "01/01/1900",
            "gbId": "3030-2931"
        },
        {
            "title": "Mario Golf",
            "price": 13,
            "platform": "N64",
            "id": 64,
            "genre": "Sports, Golf",
            "rating": "ESRB: E",
            "releasedate": "06/11/1999",
            "addeddate": "01/01/1900",
            "gbId": "3030-19716"
        },
        {
            "title": "Mario Kart 64",
            "price": 37,
            "platform": "N64",
            "id": 65,
            "genre": "Racing, Vehicular Combat",
            "rating": "ESRB: K-A",
            "releasedate": "12/14/1996",
            "addeddate": "01/01/1900",
            "gbId": "3030-10084"
        },
        {
            "title": "Mario Party",
            "price": 37,
            "platform": "N64",
            "id": 66,
            "genre": "Trivia, Board Game",
            "rating": "ESRB: E",
            "releasedate": "12/18/1998",
            "addeddate": "01/01/1900",
            "gbId": "3030-6424"
        },
        {
            "title": "Micro Machines 64 Turbo",
            "price": 10,
            "platform": "N64",
            "id": 67,
            "genre": "Driving, Racing",
            "rating": "ESRB: E",
            "releasedate": "03/24/1999",
            "addeddate": "01/01/1900",
            "gbId": "3030-2888"
        },
        {
            "title": "Mortal Kombat 4",
            "price": 14,
            "platform": "N64",
            "id": 68,
            "genre": "Fighting",
            "rating": "ESRB: M",
            "releasedate": "10/15/1997",
            "addeddate": "01/01/1900",
            "gbId": "3030-6421"
        },
        {
            "title": "Star Fox 64",
            "price": 11,
            "platform": "N64",
            "id": 70,
            "genre": "Action, Shooter",
            "rating": "ESRB: K-A",
            "releasedate": "04/27/1997",
            "addeddate": "01/01/1900",
            "gbId": "3030-19203"
        },
        {
            "title": "Star Wars Episode 1 Racer",
            "price": 5,
            "platform": "N64",
            "id": 71,
            "genre": "Driving, Racing",
            "rating": "ESRB: E",
            "releasedate": "05/17/1999",
            "addeddate": "01/01/1900",
            "gbId": "3030-13526"
        },
        {
            "title": "Super Smash Bros",
            "price": 46,
            "platform": "N64",
            "id": 72,
            "genre": "Fighting",
            "rating": "ESRB: E",
            "releasedate": "01/21/1999",
            "addeddate": "01/01/1900",
            "gbId": "3030-19125"
        },
        {
            "title": "The World is not Enough",
            "price": 7,
            "platform": "N64",
            "id": 73,
            "genre": "FPS",
            "rating": "ESRB: T",
            "releasedate": "11/01/2000",
            "addeddate": "01/01/1900",
            "gbId": "3030-18168"
        },
        {
            "title": "Yoshi's Story",
            "price": 16,
            "platform": "N64",
            "id": 74,
            "genre": "Action, Adventure, Platformer",
            "rating": "ESRB: E",
            "releasedate": "11/21/1997",
            "addeddate": "01/01/1900",
            "gbId": "3030-15207"
        },
        {
            "title": "The Legend of Zelda: Majora's Mask",
            "price": 32,
            "platform": "N64",
            "id": 75,
            "genre": "Action, Adventure",
            "rating": "ESRB: E10+",
            "releasedate": "04/27/2000",
            "addeddate": "01/01/1900",
            "gbId": "3030-13594"
        },
        {
            "title": "ChuChu Rocket",
            "price": 8,
            "platform": "Dreamcast",
            "id": 76,
            "genre": "Action, Strategy, Puzzle",
            "rating": "ESRB: E",
            "releasedate": "11/11/1999",
            "addeddate": "01/01/1900",
            "gbId": "3030-13715"
        },
        {
            "title": "Crazy Taxi 2",
            "price": 11,
            "platform": "Dreamcast",
            "id": 77,
            "genre": "Action, Driving, Racing",
            "rating": "ESRB: T",
            "releasedate": "05/28/2001",
            "addeddate": "01/01/1900",
            "gbId": "3030-18195"
        },
        {
            "title": "Ecco the Dolphin: Defender of the Future",
            "price": 8,
            "platform": "Dreamcast",
            "id": 78,
            "genre": "Action, Adventure",
            "rating": "JOEY: E",
            "releasedate": "12/16/2000",
            "addeddate": "01/01/1900",
            "gbId": "3030-3937"
        },
        {
            "title": "Jet Grind Radio",
            "price": 16,
            "platform": "Dreamcast",
            "id": 79,
            "genre": "Action, Adventure, Skating",
            "rating": "ESRB: E",
            "releasedate": "06/29/2000",
            "addeddate": "01/01/1900",
            "gbId": "3030-20096"
        },
        {
            "title": "Marvel vs Capcom 2",
            "price": 46,
            "platform": "Dreamcast",
            "id": 80,
            "genre": "Fighting",
            "rating": "ESRB: T",
            "releasedate": "02/24/2000",
            "addeddate": "01/01/1900",
            "gbId": "3030-2612"
        },
        {
            "title": "Power Stone 2",
            "price": 72,
            "platform": "Dreamcast",
            "id": 81,
            "genre": "Action, Fighting",
            "rating": "ESRB: T",
            "releasedate": "08/24/2000",
            "addeddate": "01/01/1900",
            "gbId": "3030-3712"
        },
        {
            "title": "Re-Volt",
            "price": 13,
            "platform": "Dreamcast",
            "id": 82,
            "genre": "Driving, Racing, Vehicular Combat",
            "rating": "JOEY: T",
            "releasedate": "07/31/1999",
            "addeddate": "01/01/1900",
            "gbId": "3030-5037"
        },
        {
            "title": "Ready 2 Rumble Boxing",
            "price": 6,
            "platform": "Dreamcast",
            "id": 83,
            "genre": "Sports, Boxing",
            "rating": "ESRB: T",
            "releasedate": "09/08/1999",
            "addeddate": "01/01/1900",
            "gbId": "3030-19836"
        },
        {
            "title": "Shenmue",
            "price": 29,
            "platform": "Dreamcast",
            "id": 84,
            "genre": "Action, Brawler, RPG",
            "rating": "ESRB: T",
            "releasedate": "12/29/1999",
            "addeddate": "01/01/1900",
            "gbId": "3030-7812"
        },
        {
            "title": "Sonic Adventure 2",
            "price": 25,
            "platform": "Dreamcast",
            "id": 85,
            "genre": "Action, Platformer",
            "rating": "ESRB: E",
            "releasedate": "06/05/2001",
            "addeddate": "01/01/1900",
            "gbId": "3030-19060"
        },
        {
            "title": "Soul Calibur",
            "price": 12,
            "platform": "Dreamcast",
            "id": 86,
            "genre": "Action, Fighting",
            "rating": "ESRB: T",
            "releasedate": "07/01/1998",
            "addeddate": "01/01/1900",
            "gbId": "3030-12411"
        },
        {
            "title": "Street Fighter 3: Double Impact",
            "price": 31,
            "platform": "Dreamcast",
            "id": 87,
            "genre": "Fighting",
            "rating": "ESRB: T",
            "releasedate": "06/19/2000",
            "addeddate": "01/01/1900",
            "gbId": "3030-28446"
        },
        {
            "title": "Toy Commander",
            "price": 8,
            "platform": "Dreamcast",
            "id": 88,
            "genre": "Action, Driving, Racing",
            "rating": "ESRB: E",
            "releasedate": "09/30/1999",
            "addeddate": "01/01/1900",
            "gbId": "3030-3544"
        },
        {
            "title": "Worms World Party",
            "price": 16,
            "platform": "Dreamcast",
            "id": 89,
            "genre": "Action, Strategy",
            "rating": "ESRB: E",
            "releasedate": "03/16/2001",
            "addeddate": "01/01/1900",
            "gbId": "3030-18822"
        },
        {
            "title": "Donkey Kong: Jungle Beat",
            "price": 11,
            "platform": "Gamecube",
            "id": 90,
            "genre": "Action, Platformer",
            "rating": "ESRB: E10+",
            "releasedate": "12/16/2004",
            "addeddate": "01/01/1900",
            "gbId": "3030-17976"
        },
        {
            "title": "Eternal Darkness: Sanity's Requiem",
            "price": 39,
            "platform": "Gamecube",
            "id": 91,
            "genre": "Action, Adventure",
            "rating": "ESRB: M",
            "releasedate": "06/24/2002",
            "addeddate": "01/01/1900",
            "gbId": "3030-7512"
        },
        {
            "title": "Luigi's Mansion",
            "price": 27,
            "platform": "Gamecube",
            "id": 92,
            "genre": "Action, Adventure",
            "rating": "ESRB: E",
            "releasedate": "11/17/2001",
            "addeddate": "01/01/1900",
            "gbId": "3030-10996"
        },
        {
            "title": "Mario Party 4",
            "price": 27,
            "platform": "Gamecube",
            "id": 93,
            "genre": "Minigame Collection, Board Game",
            "rating": "ESRB: E",
            "releasedate": "10/21/2002",
            "addeddate": "01/01/1900",
            "gbId": "3030-4660"
        },
        {
            "title": "Mario Party 5",
            "price": 36,
            "platform": "Gamecube",
            "id": 94,
            "genre": "Minigame Collection, Board Game",
            "rating": "ESRB: E",
            "releasedate": "11/07/2003",
            "addeddate": "01/01/1900",
            "gbId": "3030-3410"
        },
        {
            "title": "Mario Power Tennis",
            "price": 12.5,
            "platform": "Gamecube",
            "id": 95,
            "genre": "Sports, Tennis",
            "rating": "ESRB: E",
            "releasedate": "11/08/2004",
            "addeddate": "01/01/1900",
            "gbId": "3030-15398"
        },
        {
            "title": "Metroid Prime 2: Echoes",
            "price": 15,
            "platform": "Gamecube",
            "id": 96,
            "genre": "Action, Adventure, RPG, FPS",
            "rating": "ESRB: T",
            "releasedate": "11/16/2004",
            "addeddate": "01/01/1900",
            "gbId": "3030-1597"
        },
        {
            "title": "Sonic Adventure DX",
            "price": 21,
            "platform": "Gamecube",
            "id": 97,
            "genre": "Action, Platformer",
            "rating": "ESRB: E",
            "releasedate": "12/23/1998",
            "addeddate": "01/01/1900",
            "gbId": "3030-13158"
        },
        {
            "title": "Soul Calibur 2",
            "price": 15,
            "platform": "Gamecube",
            "id": 98,
            "genre": "Action, Fighting",
            "rating": "ESRB: T",
            "releasedate": "07/10/2002",
            "addeddate": "01/01/1900",
            "gbId": "3030-11822"
        },
        {
            "title": "Star Fox: Assault",
            "price": 24,
            "platform": "Gamecube",
            "id": 99,
            "genre": "Action, Shooter",
            "rating": "ESRB: T",
            "releasedate": "02/14/2005",
            "addeddate": "01/01/1900",
            "gbId": "3030-2727"
        },
        {
            "title": "Star Wars Rogue Squadron II: Rogue Leader",
            "price": 11,
            "platform": "Gamecube",
            "id": 100,
            "genre": "Action, Shooter",
            "rating": "ESRB: T",
            "releasedate": "11/18/2001",
            "addeddate": "01/01/1900",
            "gbId": "3030-4231"
        },
        {
            "title": "Super Mario Strikers",
            "price": 30,
            "platform": "Gamecube",
            "id": 101,
            "genre": "Sports, Soccer",
            "rating": "ESRB: E",
            "releasedate": "11/18/2005",
            "addeddate": "01/01/1900",
            "gbId": "3030-12476"
        },
        {
            "title": "Super Monkey Ball",
            "price": 13,
            "platform": "Gamecube",
            "id": 102,
            "genre": "Puzzle, Minigame Collection",
            "rating": "ESRB: E",
            "releasedate": "11/14/2001",
            "addeddate": "01/01/1900",
            "gbId": "3030-7247"
        },
        {
            "title": "Super Smash Bros Melee",
            "price": 49,
            "platform": "Gamecube",
            "id": 103,
            "genre": "Fighting, Brawler",
            "rating": "ESRB: T",
            "releasedate": "11/21/2001",
            "addeddate": "01/01/1900",
            "gbId": "3030-17743"
        },
        {
            "title": "TimeSplitters 2",
            "price": 15.5,
            "platform": "Gamecube",
            "id": 104,
            "genre": "FPS",
            "rating": "ESRB: T",
            "releasedate": "10/09/2002",
            "addeddate": "01/01/1900",
            "gbId": "3030-17246"
        },
        {
            "title": "Viewtiful Joe",
            "price": 11,
            "platform": "Gamecube",
            "id": 105,
            "genre": "Brawler",
            "rating": "ESRB: T",
            "releasedate": "10/07/2003",
            "addeddate": "01/01/1900",
            "gbId": "3030-15876"
        },
        {
            "title": "Viewtiful Joe 2",
            "price": 11,
            "platform": "Gamecube",
            "id": 106,
            "genre": "Action, Brawler",
            "rating": "ESRB: T",
            "releasedate": "11/18/2004",
            "addeddate": "01/01/1900",
            "gbId": "3030-8112"
        },
        {
            "title": "The Legend of Zelda: Twilight Princess",
            "price": 42,
            "platform": "Gamecube",
            "id": 107,
            "genre": "Action, Adventure",
            "rating": "ESRB: T",
            "releasedate": "11/19/2006",
            "addeddate": "01/01/1900",
            "gbId": "3030-19467"
        },
        {
            "title": "007 Nightfire",
            "price": 6,
            "platform": "Playstation 2",
            "id": 108,
            "genre": "Action, FPS, Driving",
            "rating": "ESRB: T",
            "releasedate": "11/18/2002",
            "addeddate": "01/01/1900",
            "gbId": "3030-6647"
        },
        {
            "title": "Bully",
            "price": 11,
            "platform": "Playstation 2",
            "id": 109,
            "genre": "Action, Adventure",
            "rating": "ESRB: T",
            "releasedate": "10/17/2006",
            "addeddate": "01/01/1900",
            "gbId": "3030-10281"
        },
        {
            "title": "Devil May Cry 2",
            "price": 6,
            "platform": "Playstation 2",
            "id": 110,
            "genre": "Action, Adventure, Shooter",
            "rating": "ESRB: M",
            "releasedate": "01/25/2003",
            "addeddate": "01/01/1900",
            "gbId": "3030-16741"
        },
        {
            "title": "Devil May Cry 3",
            "price": 5.25,
            "platform": "Playstation 2",
            "id": 111,
            "genre": "Action. Shooter",
            "rating": "ESRB: M",
            "releasedate": "03/01/2005",
            "addeddate": "01/01/1900",
            "gbId": "3030-890"
        },
        {
            "title": "Final Fantasy X",
            "price": 9,
            "platform": "Playstation 2",
            "id": 112,
            "genre": "RPG",
            "rating": "ESRB: T",
            "releasedate": "07/19/2001",
            "addeddate": "01/01/1900",
            "gbId": "3030-11237"
        },
        {
            "title": "Final Fantasy XII",
            "price": 7,
            "platform": "Playstation 2",
            "id": 113,
            "genre": "RPG",
            "rating": "ESRB: T",
            "releasedate": "10/31/2006",
            "addeddate": "01/01/1900",
            "gbId": "3030-11497"
        },
        {
            "title": "God of War 2",
            "price": 7,
            "platform": "Playstation 2",
            "id": 115,
            "genre": "Action, Adventure",
            "rating": "ESRB: M",
            "releasedate": "03/13/2007",
            "addeddate": "01/01/1900",
            "gbId": "3030-11314"
        },
        {
            "title": "Gran Turismo 4",
            "price": 6,
            "platform": "Playstation 2",
            "id": 116,
            "genre": "Driving, Racing, Simulation",
            "rating": "ESRB: E",
            "releasedate": "02/22/2005",
            "addeddate": "01/01/1900",
            "gbId": "3030-17784"
        },
        {
            "title": "Grand Theft Auto III",
            "price": 4,
            "platform": "Playstation 2",
            "id": 117,
            "genre": "Action, Driving, Sandbox",
            "rating": "ESRB: M",
            "releasedate": "10/22/2001",
            "addeddate": "01/01/1900",
            "gbId": "3030-3724"
        },
        {
            "title": "Grand Theft Auto Vice City",
            "price": 4,
            "platform": "Playstation 2",
            "id": 118,
            "genre": "Action, Driving, Sandbox",
            "rating": "ESRB: M",
            "releasedate": "10/27/2002",
            "addeddate": "01/01/1900",
            "gbId": "3030-17036"
        },
        {
            "title": "Gitaroo-Man",
            "price": 17,
            "platform": "Playstation 2",
            "id": 119,
            "genre": "Music, Rhythm",
            "rating": "ESRB: E",
            "releasedate": "02/18/2002",
            "addeddate": "01/01/1900",
            "gbId": "3030-7708"
        },
        {
            "title": "Half Life",
            "price": 16,
            "platform": "Playstation 2",
            "id": 120,
            "genre": "FPS",
            "rating": "ESRB: M",
            "releasedate": "11/21/2001",
            "addeddate": "01/01/1900",
            "gbId": "3030-2980"
        },
        {
            "title": "Katamari Damacy",
            "price": 13,
            "platform": "Playstation 2",
            "id": 121,
            "genre": "Action, Puzzle",
            "rating": "ESRB: E",
            "releasedate": "03/18/2004",
            "addeddate": "01/01/1900",
            "gbId": "3030-11867"
        },
        {
            "title": "Manhunt",
            "price": 10,
            "platform": "Playstation 2",
            "id": 122,
            "genre": "Action, Shooter",
            "rating": "ESRB: M",
            "releasedate": "11/18/2003",
            "addeddate": "01/01/1900",
            "gbId": "3030-6108"
        },
        {
            "title": "Manhunt 2",
            "price": 15,
            "platform": "Playstation 2",
            "id": 123,
            "genre": "Action",
            "rating": "ESRB: AO",
            "releasedate": "10/31/2007",
            "addeddate": "01/01/1900",
            "gbId": "3030-21258"
        },
        {
            "title": "Ratchet and Clank: Up Your Arsenal",
            "price": 10,
            "platform": "Playstation 2",
            "id": 124,
            "genre": "Action, Shooter, Platformer",
            "rating": "ESRB: T",
            "releasedate": "11/02/2004",
            "addeddate": "01/01/1900",
            "gbId": "3030-4966"
        },
        {
            "title": "Shadow of the Colossus",
            "price": 15,
            "platform": "Playstation 2",
            "id": 125,
            "genre": "Action, Adventure",
            "rating": "ESRB: T",
            "releasedate": "10/18/2005",
            "addeddate": "01/01/1900",
            "gbId": "3030-6522"
        },
        {
            "title": "Star Wars: Battlefront",
            "price": 10.5,
            "platform": "Playstation 2",
            "id": 126,
            "genre": "Action, Adventure",
            "rating": "ESRB: T",
            "releasedate": "09/20/2004",
            "addeddate": "01/01/1900",
            "gbId": "3030-15481"
        },
        {
            "title": "Star Wars: Battlefront II",
            "price": 13,
            "platform": "Playstation 2",
            "id": 127,
            "genre": "Action, Shooter",
            "rating": "ESRB: T",
            "releasedate": "11/01/2005",
            "addeddate": "01/01/1900",
            "gbId": "3030-7094"
        },
        {
            "title": "Star Wars: Jedi Starfighter",
            "price": 5,
            "platform": "Playstation 2",
            "id": 128,
            "genre": "Action, Flight Simulator",
            "rating": "ESRB: T",
            "releasedate": "03/10/2002",
            "addeddate": "01/01/1900",
            "gbId": "3030-4017"
        },
        {
            "title": "Tekken Tag Tournament",
            "price": 5,
            "platform": "Playstation 2",
            "id": 129,
            "genre": "Fighting",
            "rating": "ESRB: T",
            "releasedate": "06/18/1999",
            "addeddate": "01/01/1900",
            "gbId": "3030-10162"
        },
        {
            "title": "The Warriors",
            "price": 22,
            "platform": "Playstation 2",
            "id": 130,
            "genre": "Action, Brawler",
            "rating": "ESRB: M",
            "releasedate": "10/17/2005",
            "addeddate": "01/01/1900",
            "gbId": "3030-16206"
        },
        {
            "title": "TimeSplitters: Future Perfect",
            "price": 23,
            "platform": "Playstation 2",
            "id": 131,
            "genre": "FPS",
            "rating": "ESRB: M",
            "releasedate": "03/21/2005",
            "addeddate": "01/01/1900",
            "gbId": "3030-8099"
        },
        {
            "title": "Unreal Tournament",
            "price": 6,
            "platform": "Playstation 2",
            "id": 133,
            "genre": "FPS",
            "rating": "ESRB: M",
            "releasedate": "11/30/1999",
            "addeddate": "01/01/1900",
            "gbId": "3030-17448"
        },
        {
            "title": "Assassin's Creed Brotherhood",
            "price": 5,
            "platform": "Playstation 3",
            "id": 134,
            "genre": "Action, Adventure",
            "rating": "ESRB: M",
            "releasedate": "11/16/2010",
            "addeddate": "01/01/1900",
            "gbId": "3030-31001"
        },
        {
            "title": "Assassin's Creed IV",
            "price": 6,
            "platform": "Playstation 3",
            "id": 135,
            "genre": "Action, Adventure",
            "rating": "ESRB: M",
            "releasedate": "10/29/2013",
            "addeddate": "01/01/1900",
            "gbId": "3030-41518"
        },
        {
            "title": "Assassin's Creed Revelations",
            "price": 5,
            "platform": "Playstation 3",
            "id": 136,
            "genre": "Action, Adventure",
            "rating": "ESRB: M",
            "releasedate": "11/15/2011",
            "addeddate": "01/01/1900",
            "gbId": "3030-34975"
        },
        {
            "title": "Assassins Creed",
            "price": 5,
            "platform": "Playstation 3",
            "id": 137,
            "genre": "Action, Adventure",
            "rating": "ESRB: M",
            "releasedate": "11/13/2007",
            "addeddate": "01/01/1900",
            "gbId": "3030-2950"
        },
        {
            "title": "Assassins Creed III",
            "price": 5,
            "platform": "Playstation 3",
            "id": 138,
            "genre": "Action, Adventure",
            "rating": "ESRB: M",
            "releasedate": "10/30/2012",
            "addeddate": "01/01/1900",
            "gbId": "3030-37494"
        },
        {
            "title": "Borderlands 2",
            "price": 5,
            "platform": "Playstation 3",
            "id": 140,
            "genre": "FPS, RPG",
            "rating": "ESRB: M",
            "releasedate": "09/18/2012",
            "addeddate": "01/01/1900",
            "gbId": "3030-36055"
        },
        {
            "title": "Gran Turismo 6",
            "price": 11,
            "platform": "Playstation 3",
            "id": 141,
            "genre": "Driving, Racing, Simulation",
            "rating": "ESRB: E",
            "releasedate": "12/05/2013",
            "addeddate": "01/01/1900",
            "gbId": "3030-39193"
        },
        {
            "title": "Grand Theft Auto 4",
            "price": 6,
            "platform": "Playstation 3",
            "id": 142,
            "genre": "Action, Driving, Sandbox",
            "rating": "ESRB: M",
            "releasedate": "04/29/2008",
            "addeddate": "01/01/1900",
            "gbId": "3030-20457"
        },
        {
            "title": "Killzone",
            "price": 6,
            "platform": "Playstation 2",
            "id": 143,
            "genre": "FPS",
            "rating": "ESRB: M",
            "releasedate": "11/02/2004",
            "addeddate": "01/01/1900",
            "gbId": "3030-15048"
        },
        {
            "title": "Killzone 2",
            "price": 5,
            "platform": "Playstation 3",
            "id": 144,
            "genre": "FPS",
            "rating": "ESRB: M",
            "releasedate": "02/27/2001",
            "addeddate": "01/01/1900",
            "gbId": "3030-20601"
        },
        {
            "title": "Killzone 3",
            "price": 5,
            "platform": "Playstation 3",
            "id": 145,
            "genre": "FPS",
            "rating": "ESRB: M",
            "releasedate": "02/22/2011",
            "addeddate": "01/01/1900",
            "gbId": "3030-30431"
        },
        {
            "title": "LittleBigPlanet 2",
            "price": 9,
            "platform": "Playstation 3",
            "id": 146,
            "genre": "Platformer",
            "rating": "ESRB: E",
            "releasedate": "01/18/2011",
            "addeddate": "01/01/1900",
            "gbId": "3030-31214"
        },
        {
            "title": "ModNation Racers",
            "price": 8,
            "platform": "Playstation 3",
            "id": 147,
            "genre": "Driving, Racing, Vehicular Combat",
            "rating": "ESRB: E",
            "releasedate": "05/25/2010",
            "addeddate": "01/01/1900",
            "gbId": "3030-26848"
        },
        {
            "title": "Portal 2",
            "price": 12,
            "platform": "Playstation 3",
            "id": 148,
            "genre": "FPS, Puzzle",
            "rating": "ESRB: E10+",
            "releasedate": "04/19/2011",
            "addeddate": "01/01/1900",
            "gbId": "3030-21662"
        },
        {
            "title": "Red Dead Redemption",
            "price": 8,
            "platform": "Playstation 3",
            "id": 149,
            "genre": "Shooter, Action, Adventure",
            "rating": "ESRB: M",
            "releasedate": "05/18/2010",
            "addeddate": "01/01/1900",
            "gbId": "3030-25249"
        },
        {
            "title": "Resident Evil 5",
            "price": 7,
            "platform": "Playstation 3",
            "id": 150,
            "genre": "Action, Shooter",
            "rating": "ESRB: M",
            "releasedate": "03/05/2009",
            "addeddate": "01/01/1900",
            "gbId": "3030-20569"
        },
        {
            "title": "Sonic Generations",
            "price": 13,
            "platform": "Playstation 3",
            "id": 151,
            "genre": "Action, Platformer",
            "rating": "ESRB: E",
            "releasedate": "11/01/2011",
            "addeddate": "01/01/1900",
            "gbId": "3030-34833"
        },
        {
            "title": "Uncharted: Drake's Fortune",
            "price": 6,
            "platform": "Playstation 3",
            "id": 152,
            "genre": "Action, Adventure, Shooter",
            "rating": "ESRB: T",
            "releasedate": "11/19/2007",
            "addeddate": "01/01/1900",
            "gbId": "3030-13992"
        },
        {
            "title": "Uncharted 2: Among Thieves",
            "price": 4,
            "platform": "Playstation 3",
            "id": 153,
            "genre": "Action, Adventure, Shooter",
            "rating": "ESRB: T",
            "releasedate": "10/13/2009",
            "addeddate": "01/01/1900",
            "gbId": "3030-22420"
        },
        {
            "title": "Uncharted 3: Drake's Deception",
            "price": 5,
            "platform": "Playstation 3",
            "id": 154,
            "genre": "Action, Adventure, Shooter",
            "rating": "ESRB: T",
            "releasedate": "11/01/2011",
            "addeddate": "01/01/1900",
            "gbId": "3030-32982"
        },
        {
            "title": "Uncharted 4: A Thief's End",
            "price": 35,
            "platform": "Playstation 4",
            "id": 155,
            "genre": "Action, Adventure, Shooter",
            "rating": "ESRB: T",
            "releasedate": "05/10/2016",
            "addeddate": "01/01/1900",
            "gbId": "3030-44507"
        },
        {
            "title": "Warhawk",
            "price": 5,
            "platform": "Playstation 3",
            "id": 156,
            "genre": "Action, Shooter, Vehicular Combat",
            "rating": "ESRB: T",
            "releasedate": "08/28/2007",
            "addeddate": "01/01/1900",
            "gbId": "3030-20458"
        },
        {
            "title": "ExciteBots: Trick Racing",
            "price": 8,
            "platform": "Wii",
            "id": 157,
            "genre": "Driving, Racing",
            "rating": "ESRB: E",
            "releasedate": "04/20/2009",
            "addeddate": "01/01/1900",
            "gbId": "3030-25438"
        },
        {
            "title": "Mario and Sonic London 2012 Olympics",
            "price": 8,
            "platform": "Wii",
            "id": 158,
            "genre": "Sports, Track & Field",
            "rating": "ESRB: E",
            "releasedate": "11/15/2011",
            "addeddate": "01/01/1900",
            "gbId": "3030-34986"
        },
        {
            "title": "Mario and Sonic at the Winter Olympics",
            "price": 9,
            "platform": "Wii",
            "id": 159,
            "genre": "Sports, Minigame Collection",
            "rating": "ESRB: E",
            "releasedate": "10/13/2009",
            "addeddate": "01/01/1900",
            "gbId": "3030-25318"
        },
        {
            "title": "New Super Mario Bros Wii",
            "price": 13.5,
            "platform": "Wii",
            "id": 160,
            "genre": "Platformer",
            "rating": "ESRB: E",
            "releasedate": "11/12/2009",
            "addeddate": "01/01/1900",
            "gbId": "3030-26841"
        },
        {
            "title": "Resident Evil 4",
            "price": 6,
            "platform": "Wii",
            "id": 161,
            "genre": "Shooter, Action, Horror",
            "rating": "ESRB: M",
            "releasedate": "06/19/2007",
            "addeddate": "01/01/1900",
            "gbId": "3030-1578"
        },
        {
            "title": "Sega Superstar Tennis",
            "price": 4,
            "platform": "Wii",
            "id": 162,
            "genre": "Sports, Tennis",
            "rating": "ESRB: E",
            "releasedate": "03/18/2008",
            "addeddate": "01/01/1900",
            "gbId": "3030-20578"
        },
        {
            "title": "Tiger Woods PGA Tour 10",
            "price": 6,
            "platform": "Wii",
            "id": 163,
            "genre": "Sports, Golf, Simulation",
            "rating": "ESRB: E",
            "releasedate": "06/08/2009",
            "addeddate": "01/01/1900",
            "gbId": "3030-25442"
        },
        {
            "title": "Wacky Races: Crash & Dash",
            "price": 9,
            "platform": "Wii",
            "id": 164,
            "genre": "Driving, Racing",
            "rating": "ESRB: E",
            "releasedate": "06/17/2008",
            "addeddate": "01/01/1900",
            "gbId": "3030-20622"
        },
        {
            "title": "Warioware: Smooth Moves",
            "price": 14,
            "platform": "Wii",
            "id": 165,
            "genre": "Minigame Collection",
            "rating": "ESRB: E10+",
            "releasedate": "12/02/2006",
            "addeddate": "01/01/1900",
            "gbId": "3030-13685"
        },
        {
            "title": "Wii Party",
            "price": 20,
            "platform": "Wii",
            "id": 166,
            "genre": "Minigame Collection",
            "rating": "ESRB: E",
            "releasedate": "07/08/2010",
            "addeddate": "01/01/1900",
            "gbId": "3030-31210"
        },
        {
            "title": "Wii Play",
            "price": 5,
            "platform": "Wii",
            "id": 167,
            "genre": "Minigame Collection",
            "rating": "ESRB: E",
            "releasedate": "02/12/2007",
            "addeddate": "01/01/1900",
            "gbId": "3030-9439"
        },
        {
            "title": "Xenoblade Chronicles",
            "price": 40,
            "platform": "Wii",
            "id": 168,
            "genre": "RPG",
            "rating": "ESRB: T",
            "releasedate": "06/10/2010",
            "addeddate": "01/01/1900",
            "gbId": "3030-26920"
        },
        {
            "title": "The Legend of Zelda: Skyward Sword",
            "price": 30,
            "platform": "Wii",
            "id": 169,
            "genre": "Action, Adventure",
            "rating": "ESRB: E10+",
            "releasedate": "11/18/2011",
            "addeddate": "01/01/1900",
            "gbId": "3030-26934"
        },
        {
            "title": "Bayonetta 2",
            "price": 50,
            "platform": "Wii U",
            "id": 170,
            "genre": "Action, Brawler",
            "rating": "ESRB: M",
            "releasedate": "09/20/2014",
            "addeddate": "01/01/1900",
            "gbId": "3030-39764"
        },
        {
            "title": "Hyrule Warriors",
            "price": 38,
            "platform": "Wii U",
            "id": 171,
            "genre": "Action",
            "rating": "ESRB: T",
            "releasedate": "08/14/2014",
            "addeddate": "01/01/1900",
            "gbId": "3030-44782"
        },
        {
            "title": "Lego Star Wars: The Force Awakens",
            "price": 30,
            "platform": "Wii U",
            "id": 172,
            "genre": "Action, Brawler",
            "rating": "JOEY: E10+",
            "releasedate": "06/28/2016",
            "addeddate": "01/01/1900",
            "gbId": "3030-52537"
        },
        {
            "title": "Mario & Sonic at the Rio 2016 Olympic Games",
            "price": "",
            "platform": "Wii U",
            "id": 173,
            "genre": "Sports, Track & Field",
            "rating": "JOEY: E",
            "releasedate": "06/24/2016",
            "addeddate": "01/01/1900",
            "gbId": "3030-49802"
        },
        {
            "title": "Mario Party 10",
            "price": 32,
            "platform": "Wii U",
            "id": 174,
            "genre": "Minigame Collection, Board Game",
            "rating": "ESRB: E",
            "releasedate": "03/20/2015",
            "addeddate": "01/01/1900",
            "gbId": "3030-46586"
        },
        {
            "title": "Minecraft Wii U Edition",
            "price": 28,
            "platform": "Wii U",
            "id": 175,
            "genre": "Action, Adventure",
            "rating": "ESRB: E10+",
            "releasedate": "10/19/2016",
            "addeddate": "01/01/1900",
            "gbId": "3030-30475"
        },
        {
            "title": "New Super Luigi U",
            "price": 30,
            "platform": "Wii U",
            "id": 176,
            "genre": "Platformer",
            "rating": "ESRB: E",
            "releasedate": "06/19/2013",
            "addeddate": "01/01/1900",
            "gbId": "3030-42657"
        },
        {
            "title": "New Super Mario Bros U",
            "price": 28,
            "platform": "Wii U",
            "id": 177,
            "genre": "Platformer",
            "rating": "ESRB: E",
            "releasedate": "11/18/2012",
            "addeddate": "01/01/1900",
            "gbId": "3030-35574"
        },
        {
            "title": "Pikmin 3",
            "price": 22,
            "platform": "Wii U",
            "id": 178,
            "genre": "Strategy, Puzzle",
            "rating": "ESRB: E10+",
            "releasedate": "07/13/2013",
            "addeddate": "01/01/1900",
            "gbId": "3030-27930"
        },
        {
            "title": "Sonic Lost World",
            "price": 22,
            "platform": "Wii U",
            "id": 179,
            "genre": "Platformer",
            "rating": "ESRB: E10+",
            "releasedate": "10/18/2013",
            "addeddate": "01/01/1900",
            "gbId": "3030-42655"
        },
        {
            "title": "Splatoon",
            "price": 46,
            "platform": "Wii U",
            "id": 180,
            "genre": "Action, Shooter, Platformer",
            "rating": "ESRB: E10+",
            "releasedate": "05/28/2015",
            "addeddate": "01/01/1900",
            "gbId": "3030-46582"
        },
        {
            "title": "Wii Sports Club",
            "price": 60,
            "platform": "Wii U",
            "id": 181,
            "genre": "Sports, Compilation",
            "rating": "ESRB: E10+",
            "releasedate": "10/30/2013",
            "addeddate": "01/01/1900",
            "gbId": "3030-43957"
        },
        {
            "title": "Xenoblade Chronicles X",
            "price": 30,
            "platform": "Wii U",
            "id": 182,
            "genre": "Action, RPG",
            "rating": "ESRB: T",
            "releasedate": "04/29/2015",
            "addeddate": "01/01/1900",
            "gbId": "3030-41347"
        },
        {
            "title": "Yoshi's Woolly World",
            "price": 27,
            "platform": "Wii U",
            "id": 183,
            "genre": "Platformer",
            "rating": "ESRB: E",
            "releasedate": "06/25/2015",
            "addeddate": "01/01/1900",
            "gbId": "3030-41349"
        },
        {
            "title": "The Legend of Zelda: Twilight Princess HD",
            "price": 37,
            "platform": "Wii U",
            "id": 184,
            "genre": "Action, Adventure",
            "rating": "ESRB: T",
            "releasedate": "03/04/2016",
            "addeddate": "01/01/1900",
            "gbId": "3030-51484"
        },
        {
            "title": "The Legend of Zelda: Wind Waker HD",
            "price": 25,
            "platform": "Wii U",
            "id": 185,
            "genre": "Action, Adventure",
            "rating": "ESRB: E10+",
            "releasedate": "09/20/2013",
            "addeddate": "01/01/1900",
            "gbId": "3030-41348"
        },
        {
            "title": "ZombiU",
            "price": 9.5,
            "platform": "Wii U",
            "id": 186,
            "genre": "FPS, Brawler",
            "rating": "ESRB: M",
            "releasedate": "11/18/2012",
            "addeddate": "01/01/1900",
            "gbId": "3030-35619"
        },
        {
            "title": "Call of Duty: Black Ops 3",
            "price": 50,
            "platform": "Playstation 4",
            "id": 188,
            "genre": "FPS",
            "rating": "ESRB: M",
            "releasedate": "11/06/2015",
            "addeddate": "01/01/1900",
            "gbId": "3030-48754"
        },
        {
            "title": "Dark Souls 3",
            "price": 40,
            "platform": "Playstation 4",
            "id": 189,
            "genre": "Action, Adventure, RPG",
            "rating": "JOEY: M",
            "releasedate": "04/12/2016",
            "addeddate": "01/01/1900",
            "gbId": "3030-49884"
        },
        {
            "title": "Destiny",
            "price": 60,
            "platform": "Playstation 4",
            "id": 190,
            "genre": "FPS",
            "rating": "JOEY: M",
            "releasedate": "09/09/2014",
            "addeddate": "01/01/1900",
            "gbId": "3030-36067"
        },
        {
            "title": "Grand Theft Auto V",
            "price": 39,
            "platform": "Playstation 4",
            "id": 191,
            "genre": "Action, Driving, Sandbox",
            "rating": "ESRB: M",
            "releasedate": "09/17/2013",
            "addeddate": "01/01/1900",
            "gbId": "3030-36765"
        },
        {
            "title": "Overwatch",
            "price": 60,
            "platform": "Playstation 4",
            "id": 192,
            "genre": "FPS",
            "rating": "ESRB: T",
            "releasedate": "05/23/2016",
            "addeddate": "01/01/1900",
            "gbId": "3030-48190"
        },
        {
            "title": "Pro Evolution Soccer 2017",
            "price": 40,
            "platform": "Playstation 4",
            "id": 193,
            "genre": "Sports, Soccer",
            "rating": "JOEY: E",
            "releasedate": "09/13/2016",
            "addeddate": "01/01/1900",
            "gbId": "3030-54179"
        },
        {
            "title": "The Witcher 3: Wild Hunt",
            "price": 39,
            "platform": "Playstation 4",
            "id": 194,
            "genre": "Action, Adventure, RPG",
            "rating": "ESRB: M",
            "releasedate": "05/19/2015",
            "addeddate": "01/01/1900",
            "gbId": "3030-41484"
        },
        {
            "title": "Crisis Core: Final Fantasy VII",
            "price": 10,
            "platform": "PSP",
            "id": 196,
            "genre": "Action, RPG",
            "rating": "ESRB: T",
            "releasedate": "03/25/2008",
            "addeddate": "01/01/1900",
            "gbId": "3030-2361"
        },
        {
            "title": "Twisted Metal Head On",
            "price": 5.5,
            "platform": "PSP",
            "id": 197,
            "genre": "Driving, Vehicular Combat",
            "rating": "ESRB: T",
            "releasedate": "03/24/2005",
            "addeddate": "01/01/1900",
            "gbId": "3030-9259"
        },
        {
            "title": "Pursuit Force",
            "price": 10,
            "platform": "PSP",
            "id": 198,
            "genre": "Action, Driving, Vehicular Combat",
            "rating": "ESRB: T",
            "releasedate": "11/18/2005",
            "addeddate": "01/01/1900",
            "gbId": "3030-205"
        },
        {
            "title": "SOCOM Tactical Strike",
            "price": 4,
            "platform": "PSP",
            "id": 200,
            "genre": "Action, RTS",
            "rating": "ESRB: T",
            "releasedate": "11/06/2007",
            "addeddate": "01/01/1900",
            "gbId": "3030-7023"
        },
        {
            "title": "Metal Gear Solid Portable Ops",
            "price": 12,
            "platform": "PSP",
            "id": 201,
            "genre": "Action, Strategy, Shooter",
            "rating": "ESRB: M",
            "releasedate": "11/05/2006",
            "addeddate": "01/01/1900",
            "gbId": "3030-14555"
        },
        {
            "title": "Silent Hill: Shattered Memories",
            "price": 19,
            "platform": "PSP",
            "id": 202,
            "genre": "Horror, Adventure",
            "rating": "ESRB: M",
            "releasedate": "12/08/2009",
            "addeddate": "01/01/1900",
            "gbId": "3030-25707"
        },
        {
            "title": "Hexyz Force",
            "price": 59,
            "platform": "PSP",
            "id": 203,
            "genre": "RPG",
            "rating": "ESRB: T",
            "releasedate": "11/12/2009",
            "addeddate": "01/01/1900",
            "gbId": "3030-27501"
        },
        {
            "title": "Daxter",
            "price": 7,
            "platform": "PSP",
            "id": 204,
            "genre": "Action, Adventure, Platformer",
            "rating": "ESRB: E10+",
            "releasedate": "03/14/2006",
            "addeddate": "01/01/1900",
            "gbId": "3030-14604"
        },
        {
            "title": "Gradius Collection",
            "price": 31,
            "platform": "PSP",
            "id": 205,
            "genre": "SHMUP, Compilation",
            "rating": "ESRB: E",
            "releasedate": "06/06/2006",
            "addeddate": "01/01/1900",
            "gbId": "3030-21409"
        },
        {
            "title": "Castlevania: Aria of Sorrow",
            "price": 35,
            "platform": "Gameboy Advance",
            "id": 206,
            "genre": "Action, Adventure",
            "rating": "ESRB: T",
            "releasedate": "05/06/2003",
            "addeddate": "01/01/1900",
            "gbId": "3030-12036"
        },
        {
            "title": "Final Fantasy 6 Advance",
            "price": 35,
            "platform": "Gameboy Advance",
            "id": 207,
            "genre": "RPG",
            "rating": "ESRB: E10+",
            "releasedate": "02/05/2007",
            "addeddate": "01/01/1900",
            "gbId": "3030-6336"
        },
        {
            "title": "Final Fantasy Tactics Advance",
            "price": 10,
            "platform": "Gameboy Advance",
            "id": 208,
            "genre": "RPG, Strategy",
            "rating": "ESRB: E",
            "releasedate": "02/14/2003",
            "addeddate": "01/01/1900",
            "gbId": "3030-8721"
        },
        {
            "title": "Kirby & the Amazing Mirror",
            "price": 17,
            "platform": "Gameboy Advance",
            "id": 209,
            "genre": "Action, Adventure, Platformer",
            "rating": "ESRB: E",
            "releasedate": "04/15/2004",
            "addeddate": "01/01/1900",
            "gbId": "3030-3095"
        },
        {
            "title": "Mario & Luigi: Superstar Saga",
            "price": 14,
            "platform": "Gameboy Advance",
            "id": 210,
            "genre": "Action, RPG",
            "rating": "ESRB: E",
            "releasedate": "11/17/2003",
            "addeddate": "01/01/1900",
            "gbId": "3030-9306"
        },
        {
            "title": "Mario Golf: Advance Tour",
            "price": 15,
            "platform": "Gameboy Advance",
            "id": 211,
            "genre": "Sports, Golf",
            "rating": "ESRB: E",
            "releasedate": "04/22/2004",
            "addeddate": "01/01/1900",
            "gbId": "3030-20058"
        },
        {
            "title": "Mario Kart: Super Circuit",
            "price": 9,
            "platform": "Gameboy Advance",
            "id": 212,
            "genre": "Action, Driving, Racing",
            "rating": "ESRB: E",
            "releasedate": "08/27/2001",
            "addeddate": "01/01/1900",
            "gbId": "3030-16769"
        },
        {
            "title": "Metroid Fusion",
            "price": 21,
            "platform": "Gameboy Advance",
            "id": 213,
            "genre": "Action, Adventure, Platformer",
            "rating": "ESRB: E",
            "releasedate": "11/19/2002",
            "addeddate": "01/01/1900",
            "gbId": "3030-10323"
        },
        {
            "title": "Super Mario Advance 4",
            "price": 26,
            "platform": "Gameboy Advance",
            "id": 214,
            "genre": "Adventure, Platformer",
            "rating": "ESRB: E",
            "releasedate": "07/11/2003",
            "addeddate": "01/01/1900",
            "gbId": "3030-20748"
        },
        {
            "title": "Wario Land 4",
            "price": 10,
            "platform": "Gameboy Advance",
            "id": 215,
            "genre": "Puzzle, Platformer",
            "rating": "ESRB: E",
            "releasedate": "08/21/2001",
            "addeddate": "01/01/1900",
            "gbId": "3030-4300"
        },
        {
            "title": "WarioWare Inc.",
            "price": 27,
            "platform": "Gameboy Advance",
            "id": 216,
            "genre": "Minigame Collection",
            "rating": "ESRB: E",
            "releasedate": "03/21/2003",
            "addeddate": "01/01/1900",
            "gbId": "3030-14405"
        },
        {
            "title": "After Burner",
            "price": 27,
            "platform": "32X",
            "id": 217,
            "genre": "Action, Simulation",
            "rating": "JOEY: E10+",
            "releasedate": "12/30/1994",
            "addeddate": "01/01/1901",
            "gbId": "3030-3629"
        },
        {
            "title": "Blackthorne",
            "price": 73,
            "platform": "32X",
            "id": 218,
            "genre": "Action, Platformer",
            "rating": "ESRB: T",
            "releasedate": "08/03/1995",
            "addeddate": "01/01/1900",
            "gbId": "3030-4549"
        },
        {
            "title": "Doom",
            "price": 8,
            "platform": "32X",
            "id": 219,
            "genre": "FPS",
            "rating": "ESRB: T",
            "releasedate": "11/21/1994",
            "addeddate": "01/01/1900",
            "gbId": "3030-7326"
        },
        {
            "title": "Knuckles Choatix",
            "price": 50,
            "platform": "32X",
            "id": 220,
            "genre": "Action, Platformer",
            "rating": "ESRB: K-A",
            "releasedate": "04/20/1995",
            "addeddate": "01/01/1900",
            "gbId": "3030-8284"
        },
        {
            "title": "Kolibri",
            "price": 50,
            "platform": "32X",
            "id": 221,
            "genre": "Action, Shooter",
            "rating": "ESRB: K-A",
            "releasedate": "11/30/1995",
            "addeddate": "01/01/1900",
            "gbId": "3030-18959"
        },
        {
            "title": "Mortal Kombat II",
            "price": 20,
            "platform": "32X",
            "id": 222,
            "genre": "Fighting",
            "rating": "ESRB: M",
            "releasedate": "12/04/1994",
            "addeddate": "01/01/1900",
            "gbId": "3030-3571"
        },
        {
            "title": "NBA Jam Tournament Edition",
            "price": 21,
            "platform": "32X",
            "id": 223,
            "genre": "Sports, Basketball",
            "rating": "ESRB: K-A",
            "releasedate": "02/23/1995",
            "addeddate": "01/01/1900",
            "gbId": "3030-14792"
        },
        {
            "title": "Shadow Squadron",
            "price": 16,
            "platform": "32X",
            "id": 224,
            "genre": "Action, Flight Simulator",
            "rating": "JOEY: E10+",
            "releasedate": "04/26/1995",
            "addeddate": "01/01/1900",
            "gbId": "3030-11386"
        },
        {
            "title": "Virtua Fighter",
            "price": 9,
            "platform": "32X",
            "id": 226,
            "genre": "Fighting",
            "rating": "ESRB: T",
            "releasedate": "06/01/1995",
            "addeddate": "01/01/1900",
            "gbId": "3030-15584"
        },
        {
            "addeddate": "03/11/2017",
            "gbId": "3030-9249",
            "title": "Chrono Trigger",
            "rating": "ESRB: T",
            "releasedate": "03/11/1995",
            "genre": "RPG",
            "platform": "SNES",
            "price": 100,
            "id": 228
        },
        {
            "addeddate": "03/11/2017",
            "gbId": "3030-8292",
            "title": "Super Metroid",
            "rating": "ESRB: K-A",
            "releasedate": "03/19/1994",
            "genre": "Action, Adventure",
            "price": 50,
            "platform": "SNES",
            "id": 229
        },
        {
            "addeddate": "03/11/2017",
            "gbId": "3030-19507",
            "title": "Secret of Mana",
            "rating": "ESRB: E10+",
            "releasedate": "08/06/1993",
            "genre": "Action, RPG, Adventure",
            "price": 55,
            "platform": "SNES",
            "id": 230
        },
        {
            "addeddate": "03/11/2017",
            "gbId": "3030-7358",
            "title": "Super Mario RPG: Legend of the Seven Stars",
            "rating": "ESRB: E",
            "releasedate": "03/09/1996",
            "genre": "Adventure, RPG",
            "price": 50,
            "platform": "SNES",
            "id": 231
        },
        {
            "addeddate": "03/11/2017",
            "gbId": "3030-2866",
            "price": 30,
            "platform": "SNES",
            "title": "Super Mario World 2: Yoshi's Island",
            "rating": "ESRB: E",
            "releasedate": "08/04/1995",
            "genre": "Platformer",
            "id": 232
        },
        {
            "addeddate": "03/11/2017",
            "gbId": "3030-15738",
            "price": 22,
            "platform": "SNES",
            "title": "Donkey Kong Country",
            "rating": "ESRB: K-A",
            "releasedate": "11/25/1994",
            "genre": "Platformer",
            "id": 233
        },
        {
            "addeddate": "03/11/2017",
            "gbId": "3030-16889",
            "price": 22.5,
            "title": "Donkey Kong Country 2: Diddy's Kong Quest",
            "rating": "ESRB: K-A",
            "releasedate": "11/20/1995",
            "genre": "Action, Platformer",
            "platform": "SNES",
            "id": 234
        },
        {
            "addeddate": "03/11/2017",
            "gbId": "3030-4547",
            "price": 22,
            "platform": "SNES",
            "title": "Donkey Kong Country 3: Dixie Kong's Double Trouble!",
            "rating": "ESRB: K-A",
            "releasedate": "11/22/1996",
            "genre": "Action, Platformer",
            "id": 235
        },
        {
            "addeddate": "03/11/2017",
            "gbId": "3030-3016",
            "title": "Contra III: The Alien Wars",
            "rating": "ESRB: E10+",
            "releasedate": "02/28/1992",
            "genre": "Action, Shooter",
            "price": 36,
            "platform": "SNES",
            "id": 236
        },
        {
            "addeddate": "03/11/2017",
            "gbId": "3030-11443",
            "title": "Super Castlevania IV",
            "rating": "ESRB: E",
            "releasedate": "10/31/1991",
            "genre": "Action, Platformer",
            "price": 38,
            "platform": "SNES",
            "id": 237
        },
        {
            "addeddate": "03/11/2017",
            "gbId": "3030-9463",
            "title": "Mega Man X",
            "rating": "ESRB: E",
            "releasedate": "12/17/1993",
            "genre": "Shooter, Platformer",
            "price": 27,
            "platform": "SNES",
            "id": 238
        },
        {
            "addeddate": "03/11/2017",
            "gbId": "3030-18034",
            "title": "Teenage Mutant Ninja Turtles: Turtles in Time",
            "rating": "JOEY: E",
            "releasedate": "09/18/1991",
            "genre": "Brawler",
            "price": 44,
            "platform": "SNES",
            "id": 239
        },
        {
            "addeddate": "03/11/2017",
            "gbId": "3030-6336",
            "title": "Final Fantasy III",
            "rating": "ESRB: E10+",
            "releasedate": "04/02/1994",
            "genre": "RPG",
            "price": 48,
            "platform": "SNES",
            "id": 240
        },
        {
            "addeddate": "03/11/2017",
            "gbId": "3030-18529",
            "title": "Super Mario All-Stars",
            "rating": "ESRB: E",
            "releasedate": "07/14/1993",
            "genre": "Platformer",
            "price": 22,
            "platform": "SNES",
            "id": 241
        },
        {
            "addeddate": "03/11/2017",
            "gbId": "3030-7450",
            "price": 25,
            "title": "Super Ghouls 'N Ghosts",
            "rating": "ESRB: E",
            "releasedate": "10/04/1991",
            "genre": "Action, Platformer",
            "platform": "SNES",
            "id": 242
        },
        {
            "addeddate": "03/11/2017",
            "gbId": "3030-9233",
            "title": "Kirby Super Star",
            "rating": "ESRB: K-A",
            "releasedate": "03/21/1996",
            "genre": "Action, Platformer",
            "price": 41,
            "platform": "SNES",
            "id": 243
        },
        {
            "addeddate": "03/11/2017",
            "gbId": "3030-6029",
            "title": "Super Punch-Out!!",
            "rating": "ESRB: E",
            "releasedate": "10/31/1994",
            "genre": "Boxing",
            "price": 27,
            "platform": "SNES",
            "id": 244
        },
        {
            "addeddate": "03/11/2017",
            "gbId": "3030-6722",
            "title": "Final Fight",
            "rating": "ESRB: E",
            "releasedate": "12/01/1989",
            "genre": "Action, Brawler",
            "price": 12.3,
            "platform": "SNES",
            "id": 245
        },
        {
            "addeddate": "03/11/2017",
            "gbId": "3030-16116",
            "title": "Zombies Ate My Neighbors",
            "rating": "ESRB: E10+",
            "releasedate": "09/24/1993",
            "genre": "Shooter, Action, Adventure",
            "price": 36,
            "platform": "SNES",
            "id": 246
        },
        {
            "addeddate": "03/11/2017",
            "gbId": "3030-8307",
            "title": "EarthBound",
            "rating": "ESRB: T",
            "releasedate": "08/27/1994",
            "genre": "RPG",
            "price": 163,
            "platform": "SNES",
            "id": 247
        },
        {
            "addeddate": "03/11/2017",
            "gbId": "3030-6665",
            "title": "Super Street Fighter II",
            "rating": "JOEY: E10+",
            "releasedate": "06/25/1994",
            "genre": "Fighting",
            "price": 11,
            "platform": "SNES",
            "id": 248
        },
        {
            "addeddate": "03/11/2017",
            "gbId": "3030-14727",
            "title": "Pilotwings",
            "rating": "ESRB: E",
            "releasedate": "12/21/1990",
            "genre": "Flight Simulator",
            "price": 8,
            "platform": "SNES",
            "id": 249
        },
        {
            "addeddate": "03/11/2017",
            "gbId": "3030-20829",
            "title": "Final Fantasy IV",
            "rating": "ESRB: T",
            "releasedate": "07/19/1991",
            "genre": "RPG",
            "price": 70,
            "platform": "SNES",
            "id": 250
        },
        {
            "addeddate": "03/11/2017",
            "gbId": "3030-15242",
            "title": "F-Zero",
            "rating": "ESRB: E",
            "releasedate": "11/21/1990",
            "genre": "Driving, Racing",
            "price": 10,
            "platform": "SNES",
            "id": 251
        },
        {
            "addeddate": "03/11/2017",
            "gbId": "3030-16194",
            "title": "Smash TV",
            "rating": "ESRB: T",
            "releasedate": "12/31/1990",
            "genre": "Shooter",
            "price": 25,
            "platform": "SNES",
            "id": 252
        },
        {
            "addeddate": "03/11/2017",
            "gbId": "3030-18484",
            "title": "Killer Instinct",
            "rating": "ESRB: K-A",
            "releasedate": "10/28/1994",
            "genre": "Fighting",
            "price": 12,
            "platform": "SNES",
            "id": 253
        },
        {
            "addeddate": "03/18/2017",
            "gbId": "3030-1615",
            "title": "Street Fighter III: 3rd Strike",
            "rating": "ESRB: T",
            "releasedate": "05/12/1999",
            "genre": "Fighting",
            "price": 50,
            "platform": "Dreamcast",
            "id": 254
        },
        {
            "addeddate": "03/18/2017",
            "gbId": "3030-126",
            "title": "Illbleed",
            "rating": "ESRB: M",
            "releasedate": "04/25/2001",
            "genre": "Action-Adventure",
            "platform": "Dreamcast",
            "price": 63,
            "id": 255
        },
        {
            "addeddate": "03/18/2017",
            "gbId": "3030-17283",
            "title": "Mars Matrix",
            "rating": "JOEY: E",
            "releasedate": "04/30/2000",
            "genre": "Action, Shooter, SHMUP",
            "price": 120,
            "platform": "Dreamcast",
            "id": 256
        },
        {
            "addeddate": "03/18/2017",
            "gbId": "3030-8402",
            "title": "Resident Evil: Code: Veronica",
            "rating": "ESRB: M",
            "releasedate": "02/03/2000",
            "genre": "Action-Adventure",
            "price": 20,
            "platform": "Dreamcast",
            "id": 257
        },
        {
            "addeddate": "03/18/2017",
            "gbId": "3030-12069",
            "title": "Ikaruga",
            "rating": "ESRB: E",
            "releasedate": "12/20/2001",
            "genre": "Puzzle, SHMUP",
            "price": 42,
            "platform": "Dreamcast",
            "id": 258
        },
        {
            "addeddate": "03/18/2017",
            "gbId": "3030-19316",
            "title": "Headhunter",
            "rating": "ESRB: M",
            "releasedate": "05/09/2002",
            "genre": "Action, Driving, Racing",
            "price": 60,
            "platform": "Dreamcast",
            "id": 259
        },
        {
            "addeddate": "03/18/2017",
            "gbId": "3030-13493",
            "title": "Phantasy Star IV: The End of the Millennium",
            "rating": "ESRB: E",
            "releasedate": "01/01/1994",
            "genre": "RPG",
            "price": 33,
            "platform": "Genesis",
            "id": 260
        },
        {
            "addeddate": "03/18/2017",
            "gbId": "3030-14528",
            "title": "Shining Force II",
            "rating": "ESRB: E",
            "releasedate": "10/01/1993",
            "genre": "Strategy, RPG",
            "price": 31,
            "platform": "Genesis",
            "id": 261
        },
        {
            "addeddate": "03/18/2017",
            "gbId": "3030-2190",
            "title": "Gunstar Heroes",
            "rating": "ESRB: E10+",
            "releasedate": "09/09/1993",
            "genre": "Action, Shooter, Platformer",
            "price": 42,
            "platform": "Genesis",
            "id": 262
        },
        {
            "addeddate": "03/18/2017",
            "gbId": "3030-13902",
            "title": "Contra: Hard Corps",
            "rating": "JOEY: E",
            "releasedate": "08/08/1994",
            "genre": "Action, Shooter",
            "price": 50,
            "platform": "Genesis",
            "id": 263
        },
        {
            "addeddate": "03/18/2017",
            "gbId": "3030-1416",
            "title": "Comix Zone",
            "rating": "ESRB: K-A",
            "releasedate": "08/31/1995",
            "genre": "Action, Brawler",
            "price": 17,
            "platform": "Genesis",
            "id": 264
        },
        {
            "addeddate": "03/18/2017",
            "gbId": "3030-11564",
            "title": "X-Men 2: Clone Wars",
            "rating": "ESRB: K-A",
            "releasedate": "05/15/1995",
            "genre": "Action",
            "price": 14,
            "platform": "Genesis",
            "id": 265
        },
        {
            "addeddate": "03/18/2017",
            "gbId": "3030-16116",
            "title": "Zombies Ate My Neighbors",
            "rating": "ESRB: E10+",
            "releasedate": "09/24/1993",
            "genre": "Shooter, Action, Adventure",
            "price": 24,
            "platform": "Genesis",
            "id": 266
        },
        {
            "addeddate": "03/18/2017",
            "gbId": "3030-11404",
            "title": "Teenage Mutant Ninja Turtles: The HyperStone Heist",
            "rating": "JOEY: E",
            "releasedate": "12/21/1992",
            "genre": "Brawler",
            "price": 47,
            "platform": "Genesis",
            "id": 267
        },
        {
            "addeddate": "03/18/2017",
            "gbId": "3030-11133",
            "title": "Earthworm Jim",
            "rating": "ESRB: E10+",
            "releasedate": "10/02/1994",
            "genre": "Shooter, Platformer",
            "price": 19,
            "platform": "Genesis",
            "id": 268
        },
        {
            "addeddate": "03/18/2017",
            "gbId": "3030-26410",
            "title": "Strider",
            "rating": "JOEY: E",
            "releasedate": "01/31/1989",
            "genre": "Action, Platformer",
            "price": 14.25,
            "platform": "Genesis",
            "id": 269
        },
        {
            "addeddate": "03/18/2017",
            "gbId": "3030-534",
            "title": "Splatterhouse 3",
            "rating": "JOEY: T",
            "releasedate": "03/18/1993",
            "genre": "Action, Fighting, Brawler",
            "price": 52,
            "platform": "Genesis",
            "id": 270
        },
        {
            "addeddate": "03/18/2017",
            "gbId": "3030-6710",
            "title": "World of Illusion starring Mickey Mouse and Donald Duck",
            "rating": "JOEY: E",
            "releasedate": "12/17/1992",
            "genre": "Action, Adventure, Platformer",
            "price": 13.75,
            "platform": "Genesis",
            "id": 271
        },
        {
            "addeddate": "03/18/2017",
            "gbId": "3030-9286",
            "title": "Ecco the Dolphin",
            "rating": "ESRB: E",
            "releasedate": "06/06/1993",
            "genre": "Action, Adventure",
            "price": 6,
            "platform": "Genesis",
            "id": 272
        },
        {
            "addeddate": "03/18/2017",
            "gbId": "3030-15751",
            "title": "Ecco: The Tides of Time",
            "rating": "ESRB: K-A",
            "releasedate": "08/25/1994",
            "genre": "Action, Adventure",
            "price": 4.25,
            "platform": "Genesis",
            "id": 273
        },
        {
            "addeddate": "03/18/2017",
            "gbId": "3030-6339",
            "title": "Rocket Knight Adventures",
            "rating": "JOEY: E",
            "releasedate": "06/16/1993",
            "genre": "Shooter, Platformer",
            "price": 19,
            "platform": "Genesis",
            "id": 274
        },
        {
            "addeddate": "03/18/2017",
            "gbId": "3030-16386",
            "title": "Ristar",
            "rating": "ESRB: E",
            "releasedate": "02/16/1995",
            "genre": "Action, Adventure, Platformer",
            "price": 30,
            "platform": "Genesis",
            "id": 275
        },
        {
            "addeddate": "03/18/2017",
            "gbId": "3030-15550",
            "title": "Kirby Air Ride",
            "rating": "ESRB: E",
            "releasedate": "10/13/2003",
            "genre": "Driving, Racing, Minigame Collection",
            "price": 29,
            "platform": "Gamecube",
            "id": 276
        },
        {
            "addeddate": "03/18/2017",
            "gbId": "3030-7856",
            "title": "The Legend of Zelda: Four Swords Adventures",
            "rating": "ESRB: E",
            "releasedate": "06/07/2004",
            "genre": "Action, Adventure",
            "price": 24.5,
            "platform": "Gamecube",
            "id": 277
        },
        {
            "addeddate": "03/18/2017",
            "gbId": "3030-7481",
            "title": "Paper Mario: The Thousand-Year Door",
            "rating": "ESRB: E",
            "releasedate": "10/11/2004",
            "genre": "Action, Role-Playing",
            "price": 32,
            "platform": "Gamecube",
            "id": 278
        },
        {
            "addeddate": "03/18/2017",
            "gbId": "3030-27715",
            "title": "Resident Evil",
            "rating": "ESRB: M",
            "releasedate": "03/22/2002",
            "genre": "Action, Adventure",
            "price": 8.5,
            "platform": "Gamecube",
            "id": 279
        },
        {
            "addeddate": "03/18/2017",
            "gbId": "3030-2480",
            "title": "Pikmin 2",
            "rating": "ESRB: E",
            "releasedate": "08/30/2004",
            "genre": "Action, Strategy",
            "price": 36,
            "platform": "Gamecube",
            "id": 280
        }
    ]
}